sample,cluster,methylation_class
SAMPLE 1,7,"GBM, G34"
SAMPLE 2,14,"DMG, K27"
SAMPLE 3,14,"DMG, K27"
SAMPLE 4,14,"DMG, K27"
SAMPLE 5,14,"DMG, K27"
SAMPLE 6,7,"GBM, G34"
SAMPLE 7,7,"GBM, G34"
SAMPLE 8,14,"DMG, K27"
SAMPLE 9,7,"GBM, G34"
SAMPLE 10,14,"DMG, K27"
SAMPLE 11,14,"DMG, K27"
SAMPLE 12,14,"DMG, K27"
SAMPLE 13,2,"ATRT, SHH"
SAMPLE 14,7,"GBM, G34"
SAMPLE 15,1,"CONTR, CEBM"
SAMPLE 16,1,"CONTR, CEBM"
SAMPLE 17,7,"GBM, MYCN"
SAMPLE 18,14,"DMG, K27"
SAMPLE 19,4,"CONTR, CEBM"
SAMPLE 20,4,"CONTR, CEBM"
SAMPLE 21,1,"CONTR, CEBM"
SAMPLE 22,14,"DMG, K27"
SAMPLE 23,7,"GBM, G34"
SAMPLE 24,7,"GBM, G34"
SAMPLE 25,7,"GBM, G34"
SAMPLE 26,14,"DMG, K27"
SAMPLE 27,7,"GBM, G34"
SAMPLE 28,14,"DMG, K27"
SAMPLE 29,7,"GBM, G34"
SAMPLE 30,7,"GBM, G34"
SAMPLE 31,4,"LGG, PA PF"
SAMPLE 32,4,"LGG, PA PF"
SAMPLE 33,4,"CONTR, REACT"
SAMPLE 34,4,"LGG, PA PF"
SAMPLE 35,4,"LGG, PA PF"
SAMPLE 36,4,"LGG, PA PF"
SAMPLE 37,4,"LGG, PA PF"
SAMPLE 38,4,"LGG, PA PF"
SAMPLE 39,4,"LGG, PA MID"
SAMPLE 40,4,"LGG, PA PF"
SAMPLE 41,4,"LGG, PA PF"
SAMPLE 42,4,"LGG, PA MID"
SAMPLE 43,4,"LGG, PA PF"
SAMPLE 44,4,"LGG, PA MID"
SAMPLE 45,4,"LGG, PA PF"
SAMPLE 46,4,"LGG, PA PF"
SAMPLE 47,4,"LGG, PA PF"
SAMPLE 48,4,"LGG, PA PF"
SAMPLE 49,4,"LGG, PA PF"
SAMPLE 50,4,"LGG, PA PF"
SAMPLE 51,4,"LGG, PA PF"
SAMPLE 52,4,"LGG, PA MID"
SAMPLE 53,4,"LGG, PA PF"
SAMPLE 54,4,"LGG, PA PF"
SAMPLE 55,4,"LGG, RGNT"
SAMPLE 56,4,"LGG, PA PF"
SAMPLE 57,13,"MB, WNT"
SAMPLE 58,13,"MB, WNT"
SAMPLE 59,13,"MB, WNT"
SAMPLE 60,13,"MB, WNT"
SAMPLE 61,13,"MB, WNT"
SAMPLE 62,2,"ATRT, MYC"
SAMPLE 63,2,"ATRT, SHH"
SAMPLE 64,2,"ATRT, SHH"
SAMPLE 65,2,"ATRT, TYR"
SAMPLE 66,2,"ATRT, TYR"
SAMPLE 67,2,"ATRT, TYR"
SAMPLE 68,2,"ATRT, MYC"
SAMPLE 69,4,"LGG, PA/GG ST"
SAMPLE 70,4,"LGG, PA PF"
SAMPLE 71,4,"LGG, PA PF"
SAMPLE 72,4,"LGG, SEGA"
SAMPLE 73,4,"LGG, PA PF"
SAMPLE 74,4,"LGG, PA PF"
SAMPLE 75,4,"CONTR, REACT"
SAMPLE 76,4,"LGG, PA MID"
SAMPLE 77,4,"LGG, PA MID"
SAMPLE 78,4,"LGG, PA PF"
SAMPLE 79,4,"LGG, PA PF"
SAMPLE 80,13,"MB, WNT"
SAMPLE 81,13,"MB, WNT"
SAMPLE 82,13,"MB, WNT"
SAMPLE 83,13,"MB, WNT"
SAMPLE 84,13,"MB, WNT"
SAMPLE 85,13,"MB, G4"
SAMPLE 86,13,"MB, G4"
SAMPLE 87,1,"MB, SHH INF"
SAMPLE 88,13,"MB, SHH CHL AD"
SAMPLE 89,1,"MB, SHH INF"
SAMPLE 90,13,"MB, G3"
SAMPLE 91,13,"MB, G3"
SAMPLE 92,13,"MB, G4"
SAMPLE 93,13,"MB, G3"
SAMPLE 94,13,"MB, WNT"
SAMPLE 95,13,"MB, G4"
SAMPLE 96,13,"MB, G3"
SAMPLE 97,13,"MB, G4"
SAMPLE 98,13,"MB, G4"
SAMPLE 99,13,"MB, G3"
SAMPLE 100,2,"ATRT, TYR"
SAMPLE 101,2,"ATRT, TYR"
SAMPLE 102,2,"ATRT, SHH"
SAMPLE 103,2,"ATRT, TYR"
SAMPLE 104,2,"ATRT, SHH"
SAMPLE 105,2,"ATRT, TYR"
SAMPLE 106,2,"ATRT, SHH"
SAMPLE 107,2,"ATRT, TYR"
SAMPLE 108,2,"ATRT, TYR"
SAMPLE 109,2,"ATRT, SHH"
SAMPLE 110,2,"ATRT, TYR"
SAMPLE 111,4,"LGG, PA PF"
SAMPLE 112,4,"LGG, PA PF"
SAMPLE 113,4,"CONTR, REACT"
SAMPLE 114,4,"LGG, PA PF"
SAMPLE 115,4,"LGG, PA PF"
SAMPLE 116,4,"LGG, PA PF"
SAMPLE 117,4,"LGG, PA PF"
SAMPLE 118,4,"LGG, PA MID"
SAMPLE 119,4,"LGG, PA PF"
SAMPLE 120,4,"LGG, PA MID"
SAMPLE 121,2,"ATRT, MYC"
SAMPLE 122,2,"ATRT, MYC"
SAMPLE 123,11,"EPN, RELA"
SAMPLE 124,2,"ATRT, SHH"
SAMPLE 125,5,"PIN T,  PB A"
SAMPLE 126,11,"EPN, RELA"
SAMPLE 127,11,"EPN, RELA"
SAMPLE 128,13,"MB, SHH CHL AD"
SAMPLE 129,13,"MB, G3"
SAMPLE 130,13,"MB, G4"
SAMPLE 131,13,"MB, G3"
SAMPLE 132,13,"MB, G3"
SAMPLE 133,13,"MB, G3"
SAMPLE 134,13,"MB, G3"
SAMPLE 135,13,"MB, SHH CHL AD"
SAMPLE 136,4,"SUBEPN, PF"
SAMPLE 137,6,"PTPR, B"
SAMPLE 138,4,"SUBEPN, ST"
SAMPLE 139,4,"EPN, YAP"
SAMPLE 140,11,"EPN, PF A"
SAMPLE 141,13,"MB, SHH CHL AD"
SAMPLE 142,11,"EPN, PF A"
SAMPLE 143,11,"EPN, PF B"
SAMPLE 144,6,"EFT, CIC"
SAMPLE 145,11,"EPN, RELA"
SAMPLE 146,9,ETMR
SAMPLE 147,10,"CNS NB, FOXR2"
SAMPLE 148,9,ETMR
SAMPLE 149,9,ETMR
SAMPLE 150,13,"MB, WNT"
SAMPLE 151,13,"MB, SHH CHL AD"
SAMPLE 152,13,"MB, SHH CHL AD"
SAMPLE 153,1,"MB, SHH INF"
SAMPLE 154,13,"MB, G4"
SAMPLE 155,13,"MB, SHH CHL AD"
SAMPLE 156,13,"MB, WNT"
SAMPLE 157,2,LYMPHO
SAMPLE 158,13,"MB, SHH CHL AD"
SAMPLE 159,13,"MB, G4"
SAMPLE 160,13,"MB, G4"
SAMPLE 161,13,"MB, SHH CHL AD"
SAMPLE 162,13,"MB, SHH CHL AD"
SAMPLE 163,13,"MB, SHH CHL AD"
SAMPLE 164,13,"MB, SHH CHL AD"
SAMPLE 165,13,"MB, G4"
SAMPLE 166,13,"MB, G4"
SAMPLE 167,13,"MB, SHH CHL AD"
SAMPLE 168,13,"MB, SHH CHL AD"
SAMPLE 169,13,"MB, SHH CHL AD"
SAMPLE 170,13,"MB, G4"
SAMPLE 171,13,"MB, G4"
SAMPLE 172,13,"MB, G4"
SAMPLE 173,2,"ATRT, SHH"
SAMPLE 174,2,"ATRT, SHH"
SAMPLE 175,9,ETMR
SAMPLE 176,4,"LGG, PA PF"
SAMPLE 177,4,"LGG, PA MID"
SAMPLE 178,4,"LGG, PA PF"
SAMPLE 179,13,"MB, G4"
SAMPLE 180,13,"MB, G4"
SAMPLE 181,1,"MB, SHH INF"
SAMPLE 182,13,"MB, SHH CHL AD"
SAMPLE 183,13,"MB, SHH CHL AD"
SAMPLE 184,1,"MB, SHH INF"
SAMPLE 185,13,"MB, G4"
SAMPLE 186,13,"MB, G3"
SAMPLE 187,13,"MB, G3"
SAMPLE 188,13,"MB, G4"
SAMPLE 189,13,"MB, G4"
SAMPLE 190,1,"MB, SHH CHL AD"
SAMPLE 191,13,"MB, G4"
SAMPLE 192,13,"MB, G3"
SAMPLE 193,13,"MB, G4"
SAMPLE 194,10,"CNS NB, FOXR2"
SAMPLE 195,9,ETMR
SAMPLE 196,13,"MB, G4"
SAMPLE 197,13,"MB, G4"
SAMPLE 198,13,"MB, G4"
SAMPLE 199,13,"MB, G4"
SAMPLE 200,1,"MB, SHH INF"
SAMPLE 201,13,"MB, G3"
SAMPLE 202,13,"MB, G3"
SAMPLE 203,13,"MB, G4"
SAMPLE 204,13,"MB, G4"
SAMPLE 205,13,"MB, G3"
SAMPLE 206,13,"MB, G3"
SAMPLE 207,13,"MB, G4"
SAMPLE 208,10,"CNS NB, FOXR2"
SAMPLE 209,9,ETMR
SAMPLE 210,2,"ATRT, SHH"
SAMPLE 211,11,"EPN, RELA"
SAMPLE 212,9,ETMR
SAMPLE 213,9,ETMR
SAMPLE 214,10,"CNS NB, FOXR2"
SAMPLE 215,2,"ATRT, SHH"
SAMPLE 216,11,"HGNET, BCOR"
SAMPLE 217,2,"ATRT, MYC"
SAMPLE 218,9,ETMR
SAMPLE 219,2,"ATRT, SHH"
SAMPLE 220,2,"ATRT, SHH"
SAMPLE 221,9,ETMR
SAMPLE 222,9,ETMR
SAMPLE 223,2,"ATRT, SHH"
SAMPLE 224,13,"MB, SHH CHL AD"
SAMPLE 225,13,"MB, SHH CHL AD"
SAMPLE 226,13,"MB, SHH CHL AD"
SAMPLE 227,13,"MB, SHH CHL AD"
SAMPLE 228,13,"MB, SHH CHL AD"
SAMPLE 229,13,"MB, G4"
SAMPLE 230,13,"MB, G3"
SAMPLE 231,4,"LGG, PA PF"
SAMPLE 232,4,"LGG, PA MID"
SAMPLE 233,4,"LGG, PA PF"
SAMPLE 234,3,"GBM, MES"
SAMPLE 235,3,"GBM, RTK II"
SAMPLE 236,3,"GBM, RTK II"
SAMPLE 237,7,"GBM, RTK I"
SAMPLE 238,3,"GBM, MES"
SAMPLE 239,3,"GBM, MES"
SAMPLE 240,3,"GBM, MES"
SAMPLE 241,3,"GBM, MES"
SAMPLE 242,3,"GBM, RTK II"
SAMPLE 243,3,"GBM, MES"
SAMPLE 244,3,"GBM, RTK II"
SAMPLE 245,3,"GBM, RTK II"
SAMPLE 246,3,"GBM, MES"
SAMPLE 247,3,"GBM, RTK II"
SAMPLE 248,3,"GBM, RTK II"
SAMPLE 249,3,"GBM, RTK II"
SAMPLE 250,3,"GBM, RTK II"
SAMPLE 251,3,"GBM, RTK II"
SAMPLE 252,3,"GBM, MES"
SAMPLE 253,3,"GBM, MES"
SAMPLE 254,3,"GBM, RTK II"
SAMPLE 255,3,"GBM, RTK II"
SAMPLE 256,3,"GBM, RTK II"
SAMPLE 257,3,"GBM, RTK I"
SAMPLE 258,3,"GBM, RTK II"
SAMPLE 259,14,"DMG, K27"
SAMPLE 260,7,"GBM, G34"
SAMPLE 261,7,"GBM, G34"
SAMPLE 262,14,"DMG, K27"
SAMPLE 263,7,"GBM, G34"
SAMPLE 264,14,"DMG, K27"
SAMPLE 265,7,"GBM, G34"
SAMPLE 266,14,"DMG, K27"
SAMPLE 267,3,"GBM, RTK II"
SAMPLE 268,3,"GBM, RTK II"
SAMPLE 269,3,"GBM, RTK II"
SAMPLE 270,3,"GBM, RTK II"
SAMPLE 271,3,"GBM, RTK I"
SAMPLE 272,3,"GBM, RTK II"
SAMPLE 273,11,"EPN, RELA"
SAMPLE 274,11,"EPN, PF B"
SAMPLE 275,4,"EPN, PF B"
SAMPLE 276,13,"MB, SHH CHL AD"
SAMPLE 277,13,"MB, SHH CHL AD"
SAMPLE 278,13,"MB, G3"
SAMPLE 279,13,"MB, WNT"
SAMPLE 280,13,"MB, G4"
SAMPLE 281,13,"MB, G4"
SAMPLE 282,13,"MB, WNT"
SAMPLE 283,13,"MB, WNT"
SAMPLE 284,13,"MB, G4"
SAMPLE 285,13,"MB, G4"
SAMPLE 286,4,"LGG, PA PF"
SAMPLE 287,4,"LGG, PA PF"
SAMPLE 288,4,"LGG, PA PF"
SAMPLE 289,4,"LGG, PA PF"
SAMPLE 290,13,"MB, WNT"
SAMPLE 291,13,"MB, G4"
SAMPLE 292,13,"MB, G4"
SAMPLE 293,13,"MB, G4"
SAMPLE 294,13,"MB, WNT"
SAMPLE 295,13,"MB, WNT"
SAMPLE 296,4,"LGG, PA PF"
SAMPLE 297,4,"LGG, PA PF"
SAMPLE 298,4,"LGG, PA MID"
SAMPLE 299,4,"LGG, PA PF"
SAMPLE 300,4,"LGG, PA PF"
SAMPLE 301,4,"LGG, PA PF"
SAMPLE 302,4,"LGG, PA MID"
SAMPLE 303,4,"LGG, PA PF"
SAMPLE 304,4,"LGG, PA PF"
SAMPLE 305,4,"LGG, PA PF"
SAMPLE 306,4,"LGG, PA PF"
SAMPLE 307,4,"LGG, PA PF"
SAMPLE 308,4,"LGG, PA PF"
SAMPLE 309,4,"LGG, PA PF"
SAMPLE 310,4,"LGG, PA PF"
SAMPLE 311,4,"LGG, PA PF"
SAMPLE 312,4,"LGG, PA MID"
SAMPLE 313,4,"LGG, PA PF"
SAMPLE 314,4,"LGG, PA PF"
SAMPLE 315,4,"LGG, PA PF"
SAMPLE 316,4,"LGG, PA PF"
SAMPLE 317,4,"LGG, PA MID"
SAMPLE 318,4,"LGG, PA PF"
SAMPLE 319,4,"LGG, PA PF"
SAMPLE 320,4,"LGG, PA PF"
SAMPLE 321,4,"LGG, PA PF"
SAMPLE 322,4,"LGG, PA PF"
SAMPLE 323,4,"LGG, PA PF"
SAMPLE 324,4,"LGG, PA PF"
SAMPLE 325,4,"LGG, PA PF"
SAMPLE 326,4,"LGG, PA PF"
SAMPLE 327,4,"LGG, PA PF"
SAMPLE 328,4,"LGG, PA PF"
SAMPLE 329,11,"EPN, RELA"
SAMPLE 330,11,"EPN, RELA"
SAMPLE 331,11,"EPN, RELA"
SAMPLE 332,11,"EPN, RELA"
SAMPLE 333,11,"EPN, PF A"
SAMPLE 334,4,"SUBEPN, ST"
SAMPLE 335,11,"EPN, PF A"
SAMPLE 336,11,"HGNET, BCOR"
SAMPLE 337,7,"GBM, G34"
SAMPLE 338,11,"EPN, RELA"
SAMPLE 339,11,"EPN, RELA"
SAMPLE 340,11,"EPN, RELA"
SAMPLE 341,11,"EPN, RELA"
SAMPLE 342,4,"EPN, RELA"
SAMPLE 343,4,"SUBEPN, ST"
SAMPLE 344,11,"EPN, RELA"
SAMPLE 345,4,"SUBEPN, ST"
SAMPLE 346,6,"PTPR, B"
SAMPLE 347,11,"EPN, RELA"
SAMPLE 348,11,"EPN, RELA"
SAMPLE 349,11,"EPN, RELA"
SAMPLE 350,4,"EPN, YAP"
SAMPLE 351,11,"EPN, RELA"
SAMPLE 352,4,"SUBEPN, ST"
SAMPLE 353,11,"EPN, RELA"
SAMPLE 354,4,"SUBEPN, ST"
SAMPLE 355,11,"EPN, RELA"
SAMPLE 356,4,"LGG, MYB"
SAMPLE 357,11,"EPN, RELA"
SAMPLE 358,4,"EPN, YAP"
SAMPLE 359,11,"EPN, RELA"
SAMPLE 360,11,"EPN, RELA"
SAMPLE 361,11,"EPN, RELA"
SAMPLE 362,11,"EPN, RELA"
SAMPLE 363,11,"EPN, RELA"
SAMPLE 364,4,"LGG, PA PF"
SAMPLE 365,4,"LGG, PA PF"
SAMPLE 366,4,"LGG, PA MID"
SAMPLE 367,4,"LGG, PA PF"
SAMPLE 368,4,"LGG, PA PF"
SAMPLE 369,4,"LGG, PA PF"
SAMPLE 370,4,"CONTR, REACT"
SAMPLE 371,4,"LGG, PA PF"
SAMPLE 372,4,"LGG, PA MID"
SAMPLE 373,11,"EPN, PF B"
SAMPLE 374,11,"EPN, PF B"
SAMPLE 375,11,"EPN, RELA"
SAMPLE 376,11,"EPN, PF B"
SAMPLE 377,11,"EPN, PF A"
SAMPLE 378,11,"EPN, RELA"
SAMPLE 379,4,"EPN, PF B"
SAMPLE 380,1,"CONTR, CEBM"
SAMPLE 381,1,"CONTR, CEBM"
SAMPLE 382,4,"CONTR, HEMI"
SAMPLE 383,4,"CONTR, HEMI"
SAMPLE 384,4,"CONTR, HEMI"
SAMPLE 385,4,"CONTR, HEMI"
SAMPLE 386,4,"CONTR, HEMI"
SAMPLE 387,4,"CONTR, HEMI"
SAMPLE 388,1,"MB, SHH INF"
SAMPLE 389,13,"MB, G4"
SAMPLE 390,13,"MB, G3"
SAMPLE 391,13,"MB, WNT"
SAMPLE 392,13,"MB, G4"
SAMPLE 393,13,"MB, G4"
SAMPLE 394,13,"MB, G4"
SAMPLE 395,1,"MB, SHH CHL AD"
SAMPLE 396,13,"MB, G3"
SAMPLE 397,13,"MB, G4"
SAMPLE 398,1,"MB, SHH INF"
SAMPLE 399,13,"MB, G4"
SAMPLE 400,13,"MB, G4"
SAMPLE 401,13,"MB, G4"
SAMPLE 402,1,"MB, SHH INF"
SAMPLE 403,13,"MB, WNT"
SAMPLE 404,1,"MB, SHH INF"
SAMPLE 405,1,"MB, SHH INF"
SAMPLE 406,13,"MB, SHH CHL AD"
SAMPLE 407,13,"MB, G4"
SAMPLE 408,1,"MB, SHH INF"
SAMPLE 409,13,"MB, G4"
SAMPLE 410,13,"MB, G3"
SAMPLE 411,13,"MB, G3"
SAMPLE 412,13,"MB, G4"
SAMPLE 413,13,"MB, G3"
SAMPLE 414,13,"MB, G3"
SAMPLE 415,13,"MB, G4"
SAMPLE 416,13,"MB, G4"
SAMPLE 417,13,"MB, G3"
SAMPLE 418,1,"MB, SHH INF"
SAMPLE 419,13,"MB, G4"
SAMPLE 420,13,"MB, G4"
SAMPLE 421,13,"MB, G4"
SAMPLE 422,13,"MB, G3"
SAMPLE 423,13,"MB, G4"
SAMPLE 424,13,"MB, G4"
SAMPLE 425,1,"MB, SHH INF"
SAMPLE 426,13,"MB, G4"
SAMPLE 427,13,"MB, G4"
SAMPLE 428,13,"MB, G4"
SAMPLE 429,13,"MB, G3"
SAMPLE 430,13,"MB, WNT"
SAMPLE 431,13,"MB, G4"
SAMPLE 432,13,"MB, G4"
SAMPLE 433,13,"MB, G4"
SAMPLE 434,13,"MB, G3"
SAMPLE 435,1,"MB, SHH INF"
SAMPLE 436,13,"MB, G4"
SAMPLE 437,13,"MB, G4"
SAMPLE 438,13,"MB, G4"
SAMPLE 439,13,"MB, G4"
SAMPLE 440,1,"MB, SHH INF"
SAMPLE 441,13,"MB, SHH CHL AD"
SAMPLE 442,13,"MB, G3"
SAMPLE 443,13,"MB, SHH CHL AD"
SAMPLE 444,13,"MB, G4"
SAMPLE 445,13,"MB, G3"
SAMPLE 446,13,"MB, G3"
SAMPLE 447,13,"MB, WNT"
SAMPLE 448,13,"MB, G4"
SAMPLE 449,13,"MB, G3"
SAMPLE 450,13,"MB, G4"
SAMPLE 451,13,"MB, G3"
SAMPLE 452,13,"MB, G4"
SAMPLE 453,13,"MB, SHH CHL AD"
SAMPLE 454,13,"MB, SHH CHL AD"
SAMPLE 455,13,"MB, G4"
SAMPLE 456,13,"MB, G4"
SAMPLE 457,13,"MB, G4"
SAMPLE 458,13,"MB, G4"
SAMPLE 459,13,"MB, WNT"
SAMPLE 460,13,"MB, G4"
SAMPLE 461,1,"MB, SHH INF"
SAMPLE 462,13,"MB, G3"
SAMPLE 463,13,"MB, G3"
SAMPLE 464,13,"MB, G3"
SAMPLE 465,1,"MB, SHH INF"
SAMPLE 466,13,"MB, WNT"
SAMPLE 467,13,"MB, G4"
SAMPLE 468,13,"MB, SHH INF"
SAMPLE 469,13,"MB, WNT"
SAMPLE 470,11,"HGNET, MN1"
SAMPLE 471,9,ETMR
SAMPLE 472,13,"MB, G4"
SAMPLE 473,13,"MB, SHH INF"
SAMPLE 474,13,"MB, G4"
SAMPLE 475,13,"MB, SHH INF"
SAMPLE 476,13,"MB, G4"
SAMPLE 477,13,"MB, G3"
SAMPLE 478,13,"MB, SHH CHL AD"
SAMPLE 479,13,"MB, G4"
SAMPLE 480,13,"MB, G3"
SAMPLE 481,13,"MB, G3"
SAMPLE 482,13,"MB, WNT"
SAMPLE 483,13,"MB, WNT"
SAMPLE 484,1,"MB, SHH INF"
SAMPLE 485,13,"MB, G3"
SAMPLE 486,13,"MB, SHH CHL AD"
SAMPLE 487,13,"MB, G4"
SAMPLE 488,1,"MB, SHH INF"
SAMPLE 489,1,"MB, SHH INF"
SAMPLE 490,13,"MB, G4"
SAMPLE 491,13,"MB, G3"
SAMPLE 492,13,"MB, SHH CHL AD"
SAMPLE 493,13,"MB, G4"
SAMPLE 494,13,"MB, G4"
SAMPLE 495,13,"MB, G4"
SAMPLE 496,13,"MB, WNT"
SAMPLE 497,13,"MB, G4"
SAMPLE 498,13,"MB, WNT"
SAMPLE 499,13,"MB, G3"
SAMPLE 500,13,"MB, G4"
SAMPLE 501,1,"MB, SHH INF"
SAMPLE 502,13,"MB, G4"
SAMPLE 503,13,"MB, SHH CHL AD"
SAMPLE 504,13,"MB, WNT"
SAMPLE 505,13,"MB, SHH CHL AD"
SAMPLE 506,13,"MB, G4"
SAMPLE 507,13,"MB, G4"
SAMPLE 508,13,"MB, G4"
SAMPLE 509,13,"MB, SHH INF"
SAMPLE 510,13,"MB, G3"
SAMPLE 511,13,"MB, G4"
SAMPLE 512,13,"MB, WNT"
SAMPLE 513,13,"MB, G4"
SAMPLE 514,13,"MB, G3"
SAMPLE 515,13,"MB, G3"
SAMPLE 516,13,"MB, G4"
SAMPLE 517,13,"MB, G3"
SAMPLE 518,13,"MB, G4"
SAMPLE 519,13,"MB, G4"
SAMPLE 520,13,"MB, G3"
SAMPLE 521,13,"MB, WNT"
SAMPLE 522,13,"MB, SHH CHL AD"
SAMPLE 523,13,"MB, G4"
SAMPLE 524,13,"MB, G4"
SAMPLE 525,13,"MB, G3"
SAMPLE 526,13,"MB, G4"
SAMPLE 527,13,"MB, G4"
SAMPLE 528,1,"MB, SHH INF"
SAMPLE 529,13,"MB, G3"
SAMPLE 530,1,"MB, SHH INF"
SAMPLE 531,13,"MB, G4"
SAMPLE 532,13,"MB, G3"
SAMPLE 533,13,"MB, G4"
SAMPLE 534,13,"MB, G4"
SAMPLE 535,13,"MB, G4"
SAMPLE 536,1,"MB, SHH INF"
SAMPLE 537,13,"MB, G4"
SAMPLE 538,13,"MB, G3"
SAMPLE 539,13,"MB, SHH CHL AD"
SAMPLE 540,13,"MB, G3"
SAMPLE 541,13,"MB, SHH CHL AD"
SAMPLE 542,13,"MB, G3"
SAMPLE 543,13,"MB, G4"
SAMPLE 544,13,"MB, G4"
SAMPLE 545,13,"MB, G3"
SAMPLE 546,13,"MB, G3"
SAMPLE 547,13,"MB, G4"
SAMPLE 548,13,"MB, G3"
SAMPLE 549,13,"MB, G4"
SAMPLE 550,13,"MB, G4"
SAMPLE 551,13,"MB, G4"
SAMPLE 552,13,"MB, G4"
SAMPLE 553,13,"MB, SHH CHL AD"
SAMPLE 554,13,"MB, SHH CHL AD"
SAMPLE 555,13,"MB, G3"
SAMPLE 556,13,"MB, SHH CHL AD"
SAMPLE 557,13,"MB, SHH CHL AD"
SAMPLE 558,13,"MB, G3"
SAMPLE 559,13,"MB, G4"
SAMPLE 560,13,"MB, G4"
SAMPLE 561,13,"MB, SHH CHL AD"
SAMPLE 562,1,"MB, SHH CHL AD"
SAMPLE 563,13,"MB, SHH CHL AD"
SAMPLE 564,13,"MB, G4"
SAMPLE 565,13,"MB, SHH CHL AD"
SAMPLE 566,13,"MB, SHH CHL AD"
SAMPLE 567,13,"MB, SHH CHL AD"
SAMPLE 568,4,"LGG, PA MID"
SAMPLE 569,4,"LGG, PA MID"
SAMPLE 570,4,"LGG, PA MID"
SAMPLE 571,9,ETMR
SAMPLE 572,7,"GBM, G34"
SAMPLE 573,13,"MB, SHH CHL AD"
SAMPLE 574,13,"MB, SHH CHL AD"
SAMPLE 575,13,"MB, SHH CHL AD"
SAMPLE 576,13,"MB, SHH CHL AD"
SAMPLE 577,13,"MB, G3"
SAMPLE 578,13,"MB, G4"
SAMPLE 579,13,"MB, WNT"
SAMPLE 580,13,"MB, G3"
SAMPLE 581,1,"MB, SHH INF"
SAMPLE 582,13,"MB, G4"
SAMPLE 583,13,"MB, G3"
SAMPLE 584,13,"MB, SHH CHL AD"
SAMPLE 585,13,"MB, G4"
SAMPLE 586,13,"MB, G3"
SAMPLE 587,1,"MB, SHH INF"
SAMPLE 588,13,"MB, G4"
SAMPLE 589,4,"LGG, PA PF"
SAMPLE 590,4,"LGG, PA PF"
SAMPLE 591,4,"LGG, PA PF"
SAMPLE 592,4,"LGG, PA PF"
SAMPLE 593,4,"LGG, PA PF"
SAMPLE 594,4,"LGG, PA PF"
SAMPLE 595,4,"LGG, PA MID"
SAMPLE 596,4,"LGG, PA PF"
SAMPLE 597,4,"LGG, PA PF"
SAMPLE 598,4,"LGG, PA MID"
SAMPLE 599,4,"LGG, PA PF"
SAMPLE 600,4,"LGG, PA MID"
SAMPLE 601,4,"LGG, PA PF"
SAMPLE 602,4,"CONTR, REACT"
SAMPLE 603,4,"LGG, PA PF"
SAMPLE 604,4,"LGG, PA PF"
SAMPLE 605,4,"LGG, PA PF"
SAMPLE 606,4,"LGG, PA PF"
SAMPLE 607,4,"LGG, PA MID"
SAMPLE 608,4,"LGG, PA PF"
SAMPLE 609,5,"EFT, CIC"
SAMPLE 610,2,"ATRT, MYC"
SAMPLE 611,13,"MB, SHH CHL AD"
SAMPLE 612,13,"MB, G4"
SAMPLE 613,1,"MB, SHH CHL AD"
SAMPLE 614,9,ETMR
SAMPLE 615,13,"MB, G3"
SAMPLE 616,13,"MB, G4"
SAMPLE 617,13,"MB, G3"
SAMPLE 618,3,"GBM, RTK II"
SAMPLE 619,3,"GBM, RTK II"
SAMPLE 620,3,"GBM, RTK I"
SAMPLE 621,3,"GBM, RTK II"
SAMPLE 622,3,"GBM, RTK I"
SAMPLE 623,3,"GBM, RTK II"
SAMPLE 624,3,"GBM, RTK II"
SAMPLE 625,3,"GBM, RTK I"
SAMPLE 626,3,"GBM, RTK II"
SAMPLE 627,3,"GBM, RTK I"
SAMPLE 628,3,"GBM, RTK II"
SAMPLE 629,3,"GBM, RTK II"
SAMPLE 630,3,"GBM, RTK I"
SAMPLE 631,3,"GBM, RTK II"
SAMPLE 632,3,"GBM, RTK II"
SAMPLE 633,3,"GBM, RTK II"
SAMPLE 634,3,"GBM, RTK I"
SAMPLE 635,3,"GBM, RTK II"
SAMPLE 636,14,"GBM, MID"
SAMPLE 637,14,"DMG, K27"
SAMPLE 638,4,"LGG, PA PF"
SAMPLE 639,4,"LGG, PA PF"
SAMPLE 640,4,"LGG, PA PF"
SAMPLE 641,4,"LGG, PA MID"
SAMPLE 642,13,"MB, SHH CHL AD"
SAMPLE 643,2,"ATRT, SHH"
SAMPLE 644,11,"EPN, RELA"
SAMPLE 645,9,ETMR
SAMPLE 646,10,"CNS NB, FOXR2"
SAMPLE 647,11,"HGNET, BCOR"
SAMPLE 648,10,"CNS NB, FOXR2"
SAMPLE 649,4,HMB
SAMPLE 650,4,"EPN, MPE"
SAMPLE 651,4,SCHW
SAMPLE 652,4,SCHW
SAMPLE 653,4,"LGG, SEGA"
SAMPLE 654,12,O IDH
SAMPLE 655,4,SCHW
SAMPLE 656,4,"LGG, PA/GG ST"
SAMPLE 657,4,"LGG, PA PF"
SAMPLE 658,4,"CONTR, REACT"
SAMPLE 659,4,"CONTR, REACT"
SAMPLE 660,4,"CONTR, REACT"
SAMPLE 661,4,"CONTR, REACT"
SAMPLE 662,10,"CNS NB, FOXR2"
SAMPLE 663,8,"A IDH, HG"
SAMPLE 664,9,ETMR
SAMPLE 665,10,"CNS NB, FOXR2"
SAMPLE 666,4,"CONTR, REACT"
SAMPLE 667,9,ETMR
SAMPLE 668,9,ETMR
SAMPLE 669,9,ETMR
SAMPLE 670,1,"MB, SHH INF"
SAMPLE 671,13,"MB, G4"
SAMPLE 672,10,"CNS NB, FOXR2"
SAMPLE 673,10,"CNS NB, FOXR2"
SAMPLE 674,10,"CNS NB, FOXR2"
SAMPLE 675,9,ETMR
SAMPLE 676,14,"DMG, K27"
SAMPLE 677,4,"CONTR, HEMI"
SAMPLE 678,4,"CONTR, HEMI"
SAMPLE 679,4,"CONTR, HEMI"
SAMPLE 680,4,"CONTR, HEMI"
SAMPLE 681,4,"CONTR, HEMI"
SAMPLE 682,4,"CONTR, HEMI"
SAMPLE 683,6,MNG
SAMPLE 684,6,MNG
SAMPLE 685,6,MNG
SAMPLE 686,6,MNG
SAMPLE 687,6,MNG
SAMPLE 688,6,MNG
SAMPLE 689,6,MNG
SAMPLE 690,6,MNG
SAMPLE 691,6,MNG
SAMPLE 692,6,MNG
SAMPLE 693,6,MNG
SAMPLE 694,6,MNG
SAMPLE 695,6,MNG
SAMPLE 696,6,MNG
SAMPLE 697,6,MNG
SAMPLE 698,6,MNG
SAMPLE 699,6,MNG
SAMPLE 700,6,MNG
SAMPLE 701,6,MNG
SAMPLE 702,6,MNG
SAMPLE 703,6,MNG
SAMPLE 704,6,MNG
SAMPLE 705,6,MNG
SAMPLE 706,6,MNG
SAMPLE 707,6,MNG
SAMPLE 708,6,MNG
SAMPLE 709,6,MNG
SAMPLE 710,6,MNG
SAMPLE 711,6,MNG
SAMPLE 712,6,MNG
SAMPLE 713,6,MNG
SAMPLE 714,6,MNG
SAMPLE 715,4,"LGG, PA MID"
SAMPLE 716,8,"A IDH, HG"
SAMPLE 717,12,O IDH
SAMPLE 718,12,O IDH
SAMPLE 719,12,O IDH
SAMPLE 720,4,"LGG, MYB"
SAMPLE 721,12,O IDH
SAMPLE 722,4,"LGG, MYB"
SAMPLE 723,4,"LGG, MYB"
SAMPLE 724,4,"LGG, MYB"
SAMPLE 725,4,"LGG, MYB"
SAMPLE 726,4,"LGG, MYB"
SAMPLE 727,4,"LGG, MYB"
SAMPLE 728,4,"LGG, MYB"
SAMPLE 729,4,"LGG, MYB"
SAMPLE 730,4,"LGG, PA MID"
SAMPLE 731,13,"MB, SHH CHL AD"
SAMPLE 732,4,"EPN, MPE"
SAMPLE 733,12,A IDH
SAMPLE 734,12,A IDH
SAMPLE 735,12,A IDH
SAMPLE 736,12,A IDH
SAMPLE 737,12,"A IDH, HG"
SAMPLE 738,12,A IDH
SAMPLE 739,6,MNG
SAMPLE 740,6,MNG
SAMPLE 741,6,MNG
SAMPLE 742,6,MNG
SAMPLE 743,6,MNG
SAMPLE 744,3,"GBM, RTK I"
SAMPLE 745,3,"GBM, RTK II"
SAMPLE 746,11,"EPN, PF A"
SAMPLE 747,11,"EPN, PF A"
SAMPLE 748,11,"EPN, RELA"
SAMPLE 749,13,"MB, SHH CHL AD"
SAMPLE 750,13,"MB, G4"
SAMPLE 751,3,"GBM, RTK II"
SAMPLE 752,11,"HGNET, MN1"
SAMPLE 753,6,"EFT, CIC"
SAMPLE 754,12,"A IDH, HG"
SAMPLE 755,12,A IDH
SAMPLE 756,12,A IDH
SAMPLE 757,4,"LGG, PA/GG ST"
SAMPLE 758,4,"LGG, PA PF"
SAMPLE 759,4,"CONTR, REACT"
SAMPLE 760,4,"CONTR, REACT"
SAMPLE 761,4,"CONTR, REACT"
SAMPLE 762,4,"LGG, PA/GG ST"
SAMPLE 763,12,O IDH
SAMPLE 764,12,O IDH
SAMPLE 765,13,"MB, SHH CHL AD"
SAMPLE 766,2,"ATRT, SHH"
SAMPLE 767,9,ETMR
SAMPLE 768,10,"CNS NB, FOXR2"
SAMPLE 769,13,"MB, SHH CHL AD"
SAMPLE 770,13,"MB, SHH CHL AD"
SAMPLE 771,4,"SUBEPN, ST"
SAMPLE 772,4,"SUBEPN, ST"
SAMPLE 773,4,"LGG, GG"
SAMPLE 774,4,CN
SAMPLE 775,4,"SUBEPN, ST"
SAMPLE 776,4,CN
SAMPLE 777,4,"LGG, SEGA"
SAMPLE 778,4,"LGG, SEGA"
SAMPLE 779,4,CN
SAMPLE 780,4,CN
SAMPLE 781,4,CN
SAMPLE 782,4,CN
SAMPLE 783,4,CN
SAMPLE 784,4,CN
SAMPLE 785,4,"SUBEPN, ST"
SAMPLE 786,4,"SUBEPN, ST"
SAMPLE 787,4,"SUBEPN, ST"
SAMPLE 788,4,"SUBEPN, SPINE"
SAMPLE 789,4,"LGG, SEGA"
SAMPLE 790,4,"LGG, SEGA"
SAMPLE 791,2,LYMPHO
SAMPLE 792,2,LYMPHO
SAMPLE 793,5,"PIN T,  PB B"
SAMPLE 794,2,LYMPHO
SAMPLE 795,3,"GBM, MES"
SAMPLE 796,3,"GBM, RTK I"
SAMPLE 797,3,"GBM, RTK II"
SAMPLE 798,4,PXA
SAMPLE 799,4,PXA
SAMPLE 800,4,PXA
SAMPLE 801,4,PXA
SAMPLE 802,4,PXA
SAMPLE 803,4,PXA
SAMPLE 804,4,PXA
SAMPLE 805,4,"LGG, PA/GG ST"
SAMPLE 806,4,ANA PA
SAMPLE 807,2,LYMPHO
SAMPLE 808,9,ETMR
SAMPLE 809,9,ETMR
SAMPLE 810,9,ETMR
SAMPLE 811,9,ETMR
SAMPLE 812,9,ETMR
SAMPLE 813,9,ETMR
SAMPLE 814,9,ETMR
SAMPLE 815,3,"GBM, MES"
SAMPLE 816,3,"GBM, RTK II"
SAMPLE 817,3,"GBM, RTK II"
SAMPLE 818,3,"GBM, RTK II"
SAMPLE 819,3,"GBM, RTK II"
SAMPLE 820,3,"GBM, RTK II"
SAMPLE 821,3,"GBM, RTK II"
SAMPLE 822,3,"GBM, MES"
SAMPLE 823,3,"GBM, RTK II"
SAMPLE 824,3,"GBM, RTK II"
SAMPLE 825,3,"GBM, RTK II"
SAMPLE 826,3,"GBM, RTK II"
SAMPLE 827,3,"GBM, RTK II"
SAMPLE 828,4,"CONTR, INFLAM"
SAMPLE 829,3,"GBM, RTK II"
SAMPLE 830,3,"GBM, RTK II"
SAMPLE 831,3,"GBM, MES"
SAMPLE 832,3,"GBM, RTK II"
SAMPLE 833,6,"EFT, CIC"
SAMPLE 834,6,"EFT, CIC"
SAMPLE 835,3,"GBM, RTK I"
SAMPLE 836,3,"GBM, RTK II"
SAMPLE 837,3,"GBM, RTK I"
SAMPLE 838,3,"GBM, RTK II"
SAMPLE 839,1,"MB, SHH INF"
SAMPLE 840,3,"GBM, RTK I"
SAMPLE 841,0,"HGNET, MN1"
SAMPLE 842,9,ETMR
SAMPLE 843,3,"GBM, RTK I"
SAMPLE 844,3,"GBM, RTK II"
SAMPLE 845,1,"MB, SHH INF"
SAMPLE 846,9,ETMR
SAMPLE 847,1,"MB, SHH INF"
SAMPLE 848,6,"EFT, CIC"
SAMPLE 849,11,"HGNET, BCOR"
SAMPLE 850,4,"LGG, PA/GG ST"
SAMPLE 851,6,"PTPR, B"
SAMPLE 852,2,LYMPHO
SAMPLE 853,2,LYMPHO
SAMPLE 854,2,LYMPHO
SAMPLE 855,4,"LGG, PA/GG ST"
SAMPLE 856,4,"LGG, PA/GG ST"
SAMPLE 857,5,"PIN T, PPT"
SAMPLE 858,5,"PIN T, PPT"
SAMPLE 859,6,"CPH, ADM"
SAMPLE 860,6,"CPH, ADM"
SAMPLE 861,6,"CPH, PAP"
SAMPLE 862,6,"CPH, PAP"
SAMPLE 863,6,"CPH, ADM"
SAMPLE 864,4,"CONTR, REACT"
SAMPLE 865,9,ETMR
SAMPLE 866,2,"ATRT, MYC"
SAMPLE 867,10,"CNS NB, FOXR2"
SAMPLE 868,6,"EFT, CIC"
SAMPLE 869,4,"LGG, SEGA"
SAMPLE 870,5,"ENB, A"
SAMPLE 871,3,"GBM, RTK II"
SAMPLE 872,12,O IDH
SAMPLE 873,12,A IDH
SAMPLE 874,4,PITUI
SAMPLE 875,12,A IDH
SAMPLE 876,3,"GBM, RTK II"
SAMPLE 877,12,A IDH
SAMPLE 878,5,"CONTR, PINEAL"
SAMPLE 879,4,"EPN, MPE"
SAMPLE 880,4,"PGG, nC"
SAMPLE 881,12,A IDH
SAMPLE 882,8,"A IDH, HG"
SAMPLE 883,12,"A IDH, HG"
SAMPLE 884,4,"EPN, MPE"
SAMPLE 885,3,"GBM, MES"
SAMPLE 886,4,"PGG, nC"
SAMPLE 887,7,"GBM, G34"
SAMPLE 888,12,A IDH
SAMPLE 889,5,"PIN T, PPT"
SAMPLE 890,4,"LGG, PA/GG ST"
SAMPLE 891,5,"PIN T, PPT"
SAMPLE 892,6,"CONTR, PINEAL"
SAMPLE 893,5,"PIN T, PPT"
SAMPLE 894,4,"EPN, MPE"
SAMPLE 895,7,"GBM, G34"
SAMPLE 896,14,"DMG, K27"
SAMPLE 897,8,"A IDH, HG"
SAMPLE 898,11,"HGNET, BCOR"
SAMPLE 899,11,"HGNET, BCOR"
SAMPLE 900,4,"LGG, DNT"
SAMPLE 901,11,"HGNET, BCOR"
SAMPLE 902,4,"LGG, DNT"
SAMPLE 903,4,"LGG, DNT"
SAMPLE 904,4,"LGG, DNT"
SAMPLE 905,4,"LGG, RGNT"
SAMPLE 906,12,A IDH
SAMPLE 907,4,"LGG, DNT"
SAMPLE 908,14,"DMG, K27"
SAMPLE 909,14,"DMG, K27"
SAMPLE 910,14,"DMG, K27"
SAMPLE 911,10,"CNS NB, FOXR2"
SAMPLE 912,10,"CNS NB, FOXR2"
SAMPLE 913,6,"CPH, ADM"
SAMPLE 914,6,"CPH, ADM"
SAMPLE 915,4,CN
SAMPLE 916,4,CN
SAMPLE 917,4,CN
SAMPLE 918,4,CN
SAMPLE 919,4,CN
SAMPLE 920,4,CN
SAMPLE 921,4,CN
SAMPLE 922,4,CN
SAMPLE 923,4,CHGL
SAMPLE 924,4,"LGG, DNT"
SAMPLE 925,2,MELAN
SAMPLE 926,6,"PLEX, AD"
SAMPLE 927,11,"HGNET, MN1"
SAMPLE 928,11,"EPN, PF A"
SAMPLE 929,11,"EPN, PF A"
SAMPLE 930,11,"EPN, PF A"
SAMPLE 931,6,"CPH, ADM"
SAMPLE 932,6,"CPH, ADM"
SAMPLE 933,6,"CPH, ADM"
SAMPLE 934,6,"CPH, PAP"
SAMPLE 935,6,"CPH, PAP"
SAMPLE 936,6,"CPH, ADM"
SAMPLE 937,6,"CPH, ADM"
SAMPLE 938,11,"EPN, RELA"
SAMPLE 939,11,"EPN, RELA"
SAMPLE 940,11,"EPN, RELA"
SAMPLE 941,11,"EPN, RELA"
SAMPLE 942,11,"EPN, RELA"
SAMPLE 943,11,"EPN, RELA"
SAMPLE 944,11,"EPN, RELA"
SAMPLE 945,11,"HGNET, MN1"
SAMPLE 946,11,"EPN, RELA"
SAMPLE 947,11,"EPN, RELA"
SAMPLE 948,11,"EPN, RELA"
SAMPLE 949,11,"EPN, RELA"
SAMPLE 950,11,"EPN, RELA"
SAMPLE 951,11,"EPN, RELA"
SAMPLE 952,11,"EPN, RELA"
SAMPLE 953,11,"EPN, PF A"
SAMPLE 954,11,"EPN, YAP"
SAMPLE 955,11,"EPN, RELA"
SAMPLE 956,11,"EPN, RELA"
SAMPLE 957,11,"EPN, RELA"
SAMPLE 958,11,"EPN, RELA"
SAMPLE 959,11,"EPN, RELA"
SAMPLE 960,11,"EPN, RELA"
SAMPLE 961,4,"LGG, PA/GG ST"
SAMPLE 962,4,"LGG, GG"
SAMPLE 963,11,"EPN, PF A"
SAMPLE 964,11,"EPN, PF A"
SAMPLE 965,11,"EPN, PF A"
SAMPLE 966,11,"EPN, PF A"
SAMPLE 967,11,"EPN, PF A"
SAMPLE 968,11,"EPN, PF A"
SAMPLE 969,11,"EPN, PF A"
SAMPLE 970,11,"EPN, PF A"
SAMPLE 971,6,MNG
SAMPLE 972,11,"EPN, PF A"
SAMPLE 973,14,"DMG, K27"
SAMPLE 974,8,"A IDH, HG"
SAMPLE 975,4,"EPN, MPE"
SAMPLE 976,13,"MB, SHH CHL AD"
SAMPLE 977,13,"MB, SHH CHL AD"
SAMPLE 978,13,"MB, SHH CHL AD"
SAMPLE 979,13,"MB, SHH CHL AD"
SAMPLE 980,11,"HGNET, BCOR"
SAMPLE 981,6,MNG
SAMPLE 982,6,MNG
SAMPLE 983,13,"MB, SHH CHL AD"
SAMPLE 984,13,"MB, SHH CHL AD"
SAMPLE 985,13,"MB, SHH INF"
SAMPLE 986,5,"ENB, B"
SAMPLE 987,5,"ENB, A"
SAMPLE 988,12,"A IDH, HG"
SAMPLE 989,4,"LGG, DNT"
SAMPLE 990,11,"EPN, PF A"
SAMPLE 991,1,LIPN
SAMPLE 992,13,"MB, G4"
SAMPLE 993,6,"CPH, PAP"
SAMPLE 994,4,"EPN, MPE"
SAMPLE 995,6,"CPH, PAP"
SAMPLE 996,6,"CPH, PAP"
SAMPLE 997,4,"EPN, MPE"
SAMPLE 998,4,PITUI
SAMPLE 999,4,SCHW
SAMPLE 1000,11,"EPN, RELA"
SAMPLE 1001,11,"EPN, PF B"
SAMPLE 1002,11,"EPN, PF A"
SAMPLE 1003,11,"EPN, RELA"
SAMPLE 1004,11,"EPN, PF A"
SAMPLE 1005,4,"EPN, YAP"
SAMPLE 1006,11,"EPN, PF A"
SAMPLE 1007,11,"EPN, PF A"
SAMPLE 1008,4,"EPN, PF B"
SAMPLE 1009,11,"EPN, PF A"
SAMPLE 1010,11,"EPN, YAP"
SAMPLE 1011,11,"EPN, PF A"
SAMPLE 1012,11,"EPN, PF A"
SAMPLE 1013,11,"EPN, PF A"
SAMPLE 1014,11,"EPN, PF B"
SAMPLE 1015,11,"EPN, RELA"
SAMPLE 1016,11,"EPN, RELA"
SAMPLE 1017,11,"EPN, PF A"
SAMPLE 1018,11,"EPN, PF A"
SAMPLE 1019,11,"EPN, PF A"
SAMPLE 1020,11,"EPN, PF A"
SAMPLE 1021,11,"EPN, PF A"
SAMPLE 1022,11,"EPN, PF A"
SAMPLE 1023,11,"EPN, PF A"
SAMPLE 1024,11,"EPN, PF A"
SAMPLE 1025,11,"EPN, PF A"
SAMPLE 1026,11,"EPN, PF A"
SAMPLE 1027,11,"EPN, PF A"
SAMPLE 1028,11,"EPN, PF A"
SAMPLE 1029,11,"EPN, PF A"
SAMPLE 1030,11,"EPN, PF A"
SAMPLE 1031,11,"EPN, PF A"
SAMPLE 1032,11,"EPN, PF A"
SAMPLE 1033,11,"EPN, PF A"
SAMPLE 1034,11,"EPN, PF A"
SAMPLE 1035,11,"EPN, PF A"
SAMPLE 1036,11,"EPN, PF A"
SAMPLE 1037,11,"EPN, PF A"
SAMPLE 1038,1,"MB, SHH INF"
SAMPLE 1039,13,"MB, SHH CHL AD"
SAMPLE 1040,2,"ATRT, TYR"
SAMPLE 1041,10,"CNS NB, FOXR2"
SAMPLE 1042,10,"CNS NB, FOXR2"
SAMPLE 1043,11,"GBM, MYCN"
SAMPLE 1044,4,"EPN, MPE"
SAMPLE 1045,4,"EPN, MPE"
SAMPLE 1046,6,"CPH, PAP"
SAMPLE 1047,6,"CPH, PAP"
SAMPLE 1048,4,SCHW
SAMPLE 1049,4,"EPN, MPE"
SAMPLE 1050,6,"CPH, PAP"
SAMPLE 1051,4,"EPN, SPINE"
SAMPLE 1052,4,HMB
SAMPLE 1053,4,HMB
SAMPLE 1054,4,HMB
SAMPLE 1055,4,HMB
SAMPLE 1056,4,HMB
SAMPLE 1057,4,HMB
SAMPLE 1058,4,HMB
SAMPLE 1059,4,HMB
SAMPLE 1060,4,HMB
SAMPLE 1061,4,HMB
SAMPLE 1062,4,HMB
SAMPLE 1063,6,"CPH, PAP"
SAMPLE 1064,1,"MB, SHH CHL AD"
SAMPLE 1065,1,"MB, SHH INF"
SAMPLE 1066,1,"MB, SHH CHL AD"
SAMPLE 1067,6,"PTPR, B"
SAMPLE 1068,6,"PTPR, A"
SAMPLE 1069,6,"PTPR, A"
SAMPLE 1070,11,"PTPR, B"
SAMPLE 1071,6,"PTPR, B"
SAMPLE 1072,6,"PTPR, A"
SAMPLE 1073,6,"PTPR, A"
SAMPLE 1074,6,"PTPR, B"
SAMPLE 1075,6,"PTPR, B"
SAMPLE 1076,6,"PTPR, A"
SAMPLE 1077,6,"PTPR, B"
SAMPLE 1078,6,"PTPR, B"
SAMPLE 1079,6,"PTPR, B"
SAMPLE 1080,6,"PTPR, B"
SAMPLE 1081,6,"PTPR, B"
SAMPLE 1082,4,HMB
SAMPLE 1083,4,HMB
SAMPLE 1084,4,SCHW
SAMPLE 1085,4,HMB
SAMPLE 1086,4,HMB
SAMPLE 1087,11,"EPN, RELA"
SAMPLE 1088,9,ETMR
SAMPLE 1089,9,ETMR
SAMPLE 1090,6,MNG
SAMPLE 1091,6,MNG
SAMPLE 1092,4,HMB
SAMPLE 1093,4,HMB
SAMPLE 1094,4,HMB
SAMPLE 1095,4,HMB
SAMPLE 1096,4,HMB
SAMPLE 1097,6,SFT HMPC
SAMPLE 1098,6,SFT HMPC
SAMPLE 1099,12,O IDH
SAMPLE 1100,4,SCHW
SAMPLE 1101,4,SCHW
SAMPLE 1102,4,SCHW
SAMPLE 1103,4,SCHW
SAMPLE 1104,4,SCHW
SAMPLE 1105,4,SCHW
SAMPLE 1106,4,SCHW
SAMPLE 1107,4,SCHW
SAMPLE 1108,4,SCHW
SAMPLE 1109,4,SCHW
SAMPLE 1110,4,"SUBEPN, PF"
SAMPLE 1111,13,"MB, G3"
SAMPLE 1112,6,SFT HMPC
SAMPLE 1113,4,HMB
SAMPLE 1114,4,"CONTR, REACT"
SAMPLE 1115,4,PXA
SAMPLE 1116,13,"MB, G4"
SAMPLE 1117,4,"EPN, YAP"
SAMPLE 1118,11,"EPN, PF B"
SAMPLE 1119,11,"EPN, PF A"
SAMPLE 1120,4,"EPN, PF B"
SAMPLE 1121,11,"EPN, PF A"
SAMPLE 1122,11,"EPN, PF A"
SAMPLE 1123,11,"EPN, PF A"
SAMPLE 1124,4,"EPN, PF B"
SAMPLE 1125,11,"EPN, PF A"
SAMPLE 1126,4,"EPN, PF B"
SAMPLE 1127,4,"EPN, PF B"
SAMPLE 1128,11,"EPN, RELA"
SAMPLE 1129,4,"EPN, PF B"
SAMPLE 1130,11,"EPN, PF A"
SAMPLE 1131,11,"EPN, PF A"
SAMPLE 1132,11,"EPN, PF A"
SAMPLE 1133,11,"EPN, PF A"
SAMPLE 1134,11,"EPN, PF A"
SAMPLE 1135,11,"EPN, PF A"
SAMPLE 1136,4,"PGG, nC"
SAMPLE 1137,4,"PGG, nC"
SAMPLE 1138,4,"PGG, nC"
SAMPLE 1139,4,"PGG, nC"
SAMPLE 1140,4,"PGG, nC"
SAMPLE 1141,4,"PGG, nC"
SAMPLE 1142,4,"PGG, nC"
SAMPLE 1143,4,"EPN, MPE"
SAMPLE 1144,4,PITUI
SAMPLE 1145,4,PXA
SAMPLE 1146,4,"LGG, DNT"
SAMPLE 1147,4,"LGG, PA PF"
SAMPLE 1148,6,"CPH, ADM"
SAMPLE 1149,1,"MB, SHH CHL AD"
SAMPLE 1150,4,"PGG, nC"
SAMPLE 1151,4,"EPN, MPE"
SAMPLE 1152,4,"PGG, nC"
SAMPLE 1153,4,"PGG, nC"
SAMPLE 1154,4,"PGG, nC"
SAMPLE 1155,4,"PGG, nC"
SAMPLE 1156,6,SFT HMPC
SAMPLE 1157,4,HMB
SAMPLE 1158,6,"PTPR, B"
SAMPLE 1159,5,"PIN T, PPT"
SAMPLE 1160,5,"PIN T, PPT"
SAMPLE 1161,5,"PIN T,  PB B"
SAMPLE 1162,6,"PLEX, AD"
SAMPLE 1163,6,SFT HMPC
SAMPLE 1164,14,"DMG, K27"
SAMPLE 1165,6,SFT HMPC
SAMPLE 1166,6,"PLEX, PED A"
SAMPLE 1167,11,"HGNET, MN1"
SAMPLE 1168,13,"MB, G3"
SAMPLE 1169,13,"MB, G4"
SAMPLE 1170,14,"GBM, RTK III"
SAMPLE 1171,11,"HGNET, MN1"
SAMPLE 1172,7,"GBM, RTK III"
SAMPLE 1173,11,"GBM, MYCN"
SAMPLE 1174,4,PXA
SAMPLE 1175,4,"CONTR, REACT"
SAMPLE 1176,4,IHG
SAMPLE 1177,6,SFT HMPC
SAMPLE 1178,6,"PLEX, AD"
SAMPLE 1179,6,"PLEX, AD"
SAMPLE 1180,4,"LGG, DNT"
SAMPLE 1181,4,MELCYT
SAMPLE 1182,11,"EPN, RELA"
SAMPLE 1183,4,"LGG, PA MID"
SAMPLE 1184,4,DLGNT
SAMPLE 1185,4,PITUI
SAMPLE 1186,4,PITUI
SAMPLE 1187,4,"LGG, PA/GG ST"
SAMPLE 1188,14,"DMG, K27"
SAMPLE 1189,3,"GBM, RTK II"
SAMPLE 1190,4,"SUBEPN, SPINE"
SAMPLE 1191,4,"SUBEPN, SPINE"
SAMPLE 1192,13,"MB, G4"
SAMPLE 1193,2,"ATRT, SHH"
SAMPLE 1194,4,"LGG, PA MID"
SAMPLE 1195,4,"EPN, YAP"
SAMPLE 1196,11,"EPN, RELA"
SAMPLE 1197,4,"EPN, YAP"
SAMPLE 1198,11,"EPN, RELA"
SAMPLE 1199,11,"EPN, RELA"
SAMPLE 1200,11,"EPN, RELA"
SAMPLE 1201,4,"EPN, PF B"
SAMPLE 1202,11,"EPN, RELA"
SAMPLE 1203,7,"GBM, RTK I"
SAMPLE 1204,4,"SUBEPN, PF"
SAMPLE 1205,6,"CONTR, PINEAL"
SAMPLE 1206,12,O IDH
SAMPLE 1207,10,"CNS NB, FOXR2"
SAMPLE 1208,4,SCHW
SAMPLE 1209,12,O IDH
SAMPLE 1210,11,"EPN, PF A"
SAMPLE 1211,1,"MB, SHH INF"
SAMPLE 1212,1,"MB, SHH INF"
SAMPLE 1213,1,"MB, SHH INF"
SAMPLE 1214,14,"GBM, MID"
SAMPLE 1215,11,"HGNET, BCOR"
SAMPLE 1216,9,ETMR
SAMPLE 1217,9,ETMR
SAMPLE 1218,9,ETMR
SAMPLE 1219,11,"EPN, PF A"
SAMPLE 1220,4,CN
SAMPLE 1221,2,MNG
SAMPLE 1222,6,MNG
SAMPLE 1223,6,MNG
SAMPLE 1224,6,MNG
SAMPLE 1225,6,MNG
SAMPLE 1226,6,MNG
SAMPLE 1227,6,MNG
SAMPLE 1228,6,MNG
SAMPLE 1229,6,MNG
SAMPLE 1230,6,MNG
SAMPLE 1231,6,MNG
SAMPLE 1232,6,MNG
SAMPLE 1233,6,MNG
SAMPLE 1234,6,MNG
SAMPLE 1235,6,MNG
SAMPLE 1236,6,MNG
SAMPLE 1237,6,MNG
SAMPLE 1238,6,MNG
SAMPLE 1239,6,MNG
SAMPLE 1240,11,"EPN, RELA"
SAMPLE 1241,13,"MB, SHH CHL AD"
SAMPLE 1242,13,"MB, WNT"
SAMPLE 1243,1,"MB, SHH INF"
SAMPLE 1244,2,"ATRT, TYR"
SAMPLE 1245,2,"ATRT, TYR"
SAMPLE 1246,2,"ATRT, TYR"
SAMPLE 1247,2,"ATRT, SHH"
SAMPLE 1248,4,"LGG, MYB"
SAMPLE 1249,4,"SUBEPN, ST"
SAMPLE 1250,4,"SUBEPN, ST"
SAMPLE 1251,14,"DMG, K27"
SAMPLE 1252,12,A IDH
SAMPLE 1253,12,A IDH
SAMPLE 1254,12,A IDH
SAMPLE 1255,12,O IDH
SAMPLE 1256,4,"SUBEPN, ST"
SAMPLE 1257,4,"PGG, nC"
SAMPLE 1258,4,"LGG, MYB"
SAMPLE 1259,9,ETMR
SAMPLE 1260,5,"PITAD, ACTH"
SAMPLE 1261,5,"PITAD, STH DNS B"
SAMPLE 1262,9,ETMR
SAMPLE 1263,11,"EPN, PF A"
SAMPLE 1264,12,"A IDH, HG"
SAMPLE 1265,6,SFT HMPC
SAMPLE 1266,2,"ATRT, MYC"
SAMPLE 1267,5,"PITAD, ACTH"
SAMPLE 1268,1,LIPN
SAMPLE 1269,4,"EPN, SPINE"
SAMPLE 1270,2,"ATRT, SHH"
SAMPLE 1271,2,"ATRT, MYC"
SAMPLE 1272,2,"ATRT, SHH"
SAMPLE 1273,2,"ATRT, SHH"
SAMPLE 1274,2,"ATRT, TYR"
SAMPLE 1275,2,"ATRT, MYC"
SAMPLE 1276,10,"CNS NB, FOXR2"
SAMPLE 1277,10,"CNS NB, FOXR2"
SAMPLE 1278,7,"GBM, RTK III"
SAMPLE 1279,7,"GBM, G34"
SAMPLE 1280,6,"PLEX, AD"
SAMPLE 1281,12,A IDH
SAMPLE 1282,4,"SUBEPN, PF"
SAMPLE 1283,4,"SUBEPN, PF"
SAMPLE 1284,7,"GBM, G34"
SAMPLE 1285,5,"PITAD, ACTH"
SAMPLE 1286,5,"PITAD, PRL"
SAMPLE 1287,12,O IDH
SAMPLE 1288,4,"PGG, nC"
SAMPLE 1289,5,"PITAD, FSH LH"
SAMPLE 1290,5,"PITAD, FSH LH"
SAMPLE 1291,4,"EPN, SPINE"
SAMPLE 1292,4,CHGL
SAMPLE 1293,4,"SUBEPN, SPINE"
SAMPLE 1294,4,"SUBEPN, PF"
SAMPLE 1295,2,"ATRT, MYC"
SAMPLE 1296,2,"ATRT, MYC"
SAMPLE 1297,2,"ATRT, TYR"
SAMPLE 1298,2,"ATRT, TYR"
SAMPLE 1299,2,"ATRT, SHH"
SAMPLE 1300,2,"ATRT, MYC"
SAMPLE 1301,2,"ATRT, TYR"
SAMPLE 1302,2,"ATRT, MYC"
SAMPLE 1303,2,"ATRT, MYC"
SAMPLE 1304,2,"ATRT, SHH"
SAMPLE 1305,2,"ATRT, SHH"
SAMPLE 1306,2,"ATRT, SHH"
SAMPLE 1307,2,"ATRT, TYR"
SAMPLE 1308,2,"ATRT, SHH"
SAMPLE 1309,2,"ATRT, MYC"
SAMPLE 1310,2,"ATRT, TYR"
SAMPLE 1311,2,"ATRT, SHH"
SAMPLE 1312,2,"ATRT, TYR"
SAMPLE 1313,2,"ATRT, TYR"
SAMPLE 1314,2,"ATRT, SHH"
SAMPLE 1315,2,"ATRT, MYC"
SAMPLE 1316,6,"CPH, ADM"
SAMPLE 1317,6,"CPH, ADM"
SAMPLE 1318,6,"CPH, ADM"
SAMPLE 1319,6,"CPH, PAP"
SAMPLE 1320,6,"CPH, PAP"
SAMPLE 1321,6,"CPH, ADM"
SAMPLE 1322,6,"CPH, PAP"
SAMPLE 1323,6,"CPH, ADM"
SAMPLE 1324,6,"CPH, ADM"
SAMPLE 1325,11,"EPN, PF A"
SAMPLE 1326,11,"EPN, PF B"
SAMPLE 1327,4,"SUBEPN, PF"
SAMPLE 1328,11,"EPN, PF A"
SAMPLE 1329,4,"SUBEPN, PF"
SAMPLE 1330,4,"SUBEPN, PF"
SAMPLE 1331,4,"SUBEPN, PF"
SAMPLE 1332,4,"SUBEPN, PF"
SAMPLE 1333,4,"SUBEPN, PF"
SAMPLE 1334,4,"SUBEPN, PF"
SAMPLE 1335,4,"SUBEPN, PF"
SAMPLE 1336,1,LIPN
SAMPLE 1337,4,"LGG, PA MID"
SAMPLE 1338,5,"PLEX, PED B"
SAMPLE 1339,2,"PLEX, PED B"
SAMPLE 1340,6,"PLEX, PED A"
SAMPLE 1341,6,"PLEX, AD"
SAMPLE 1342,6,EWS
SAMPLE 1343,4,"SUBEPN, SPINE"
SAMPLE 1344,4,"SUBEPN, ST"
SAMPLE 1345,6,EWS
SAMPLE 1346,6,SFT HMPC
SAMPLE 1347,3,"GBM, RTK II"
SAMPLE 1348,5,"PITAD, STH DNS B"
SAMPLE 1349,4,"LGG, DNT"
SAMPLE 1350,6,"PLEX, PED B"
SAMPLE 1351,2,LYMPHO
SAMPLE 1352,14,"DMG, K27"
SAMPLE 1353,12,A IDH
SAMPLE 1354,11,"EPN, PF A"
SAMPLE 1355,3,"GBM, RTK I"
SAMPLE 1356,12,O IDH
SAMPLE 1357,12,A IDH
SAMPLE 1358,12,O IDH
SAMPLE 1359,8,"A IDH, HG"
SAMPLE 1360,12,O IDH
SAMPLE 1361,12,O IDH
SAMPLE 1362,12,O IDH
SAMPLE 1363,12,O IDH
SAMPLE 1364,12,O IDH
SAMPLE 1365,12,O IDH
SAMPLE 1366,12,"A IDH, HG"
SAMPLE 1367,12,O IDH
SAMPLE 1368,12,"A IDH, HG"
SAMPLE 1369,12,"A IDH, HG"
SAMPLE 1370,12,O IDH
SAMPLE 1371,12,"A IDH, HG"
SAMPLE 1372,12,O IDH
SAMPLE 1373,12,O IDH
SAMPLE 1374,8,"A IDH, HG"
SAMPLE 1375,8,"A IDH, HG"
SAMPLE 1376,12,O IDH
SAMPLE 1377,12,O IDH
SAMPLE 1378,12,O IDH
SAMPLE 1379,12,O IDH
SAMPLE 1380,12,"A IDH, HG"
SAMPLE 1381,12,O IDH
SAMPLE 1382,12,O IDH
SAMPLE 1383,12,"A IDH, HG"
SAMPLE 1384,12,O IDH
SAMPLE 1385,12,O IDH
SAMPLE 1386,4,MELCYT
SAMPLE 1387,2,MELAN
SAMPLE 1388,5,MELAN
SAMPLE 1389,2,MELAN
SAMPLE 1390,4,"SCHW, MEL"
SAMPLE 1391,4,MELCYT
SAMPLE 1392,4,MELCYT
SAMPLE 1393,4,MELCYT
SAMPLE 1394,6,MELCYT
SAMPLE 1395,4,MELCYT
SAMPLE 1396,4,"SCHW, MEL"
SAMPLE 1397,2,MELAN
SAMPLE 1398,5,MELAN
SAMPLE 1399,4,"SCHW, MEL"
SAMPLE 1400,4,"SCHW, MEL"
SAMPLE 1401,2,MELAN
SAMPLE 1402,11,"EPN, PF A"
SAMPLE 1403,5,"PITAD, PRL"
SAMPLE 1404,2,LYMPHO
SAMPLE 1405,4,"SUBEPN, PF"
SAMPLE 1406,4,"SUBEPN, PF"
SAMPLE 1407,4,"SUBEPN, PF"
SAMPLE 1408,4,"SUBEPN, PF"
SAMPLE 1409,5,"ENB, B"
SAMPLE 1410,4,"SCHW, MEL"
SAMPLE 1411,4,"LGG, PA PF"
SAMPLE 1412,10,"CNS NB, FOXR2"
SAMPLE 1413,13,"MB, SHH CHL AD"
SAMPLE 1414,13,"MB, SHH CHL AD"
SAMPLE 1415,13,"MB, SHH CHL AD"
SAMPLE 1416,1,"MB, SHH INF"
SAMPLE 1417,13,"MB, SHH CHL AD"
SAMPLE 1418,13,"MB, SHH CHL AD"
SAMPLE 1419,4,"PGG, nC"
SAMPLE 1420,4,"PGG, nC"
SAMPLE 1421,4,"EPN, SPINE"
SAMPLE 1422,4,"EPN, SPINE"
SAMPLE 1423,4,"SUBEPN, SPINE"
SAMPLE 1424,4,"EPN, SPINE"
SAMPLE 1425,5,"ENB, A"
SAMPLE 1426,5,"ENB, B"
SAMPLE 1427,5,"ENB, A"
SAMPLE 1428,5,"ENB, B"
SAMPLE 1429,5,"ENB, B"
SAMPLE 1430,11,"EPN, RELA"
SAMPLE 1431,4,"PGG, nC"
SAMPLE 1432,4,"SCHW, MEL"
SAMPLE 1433,12,O IDH
SAMPLE 1434,3,"GBM, MES"
SAMPLE 1435,4,"EPN, SPINE"
SAMPLE 1436,4,"EPN, SPINE"
SAMPLE 1437,4,"EPN, MPE"
SAMPLE 1438,4,"EPN, SPINE"
SAMPLE 1439,4,"EPN, MPE"
SAMPLE 1440,1,LIPN
SAMPLE 1441,4,"EPN, SPINE"
SAMPLE 1442,5,"CONTR, ADENOPIT"
SAMPLE 1443,5,"CONTR, ADENOPIT"
SAMPLE 1444,6,"CONTR, ADENOPIT"
SAMPLE 1445,4,"EPN, SPINE"
SAMPLE 1446,4,"LGG, DNT"
SAMPLE 1447,13,"MB, G3"
SAMPLE 1448,13,"MB, G3"
SAMPLE 1449,4,"LGG, SEGA"
SAMPLE 1450,4,"LGG, SEGA"
SAMPLE 1451,4,"LGG, SEGA"
SAMPLE 1452,4,"LGG, SEGA"
SAMPLE 1453,4,"LGG, DIG/DIA"
SAMPLE 1454,4,"LGG, DNT"
SAMPLE 1455,11,"EPN, PF A"
SAMPLE 1456,11,"EPN, PF A"
SAMPLE 1457,11,"EPN, PF A"
SAMPLE 1458,11,"EPN, PF A"
SAMPLE 1459,11,"EPN, PF A"
SAMPLE 1460,11,"EPN, PF A"
SAMPLE 1461,11,"EPN, PF A"
SAMPLE 1462,4,"SUBEPN, PF"
SAMPLE 1463,11,"EPN, PF A"
SAMPLE 1464,4,"LGG, MYB"
SAMPLE 1465,4,"LGG, DNT"
SAMPLE 1466,4,"LGG, PA/GG ST"
SAMPLE 1467,4,PXA
SAMPLE 1468,4,"LGG, DNT"
SAMPLE 1469,4,"LGG, MYB"
SAMPLE 1470,4,"LGG, GG"
SAMPLE 1471,4,"LGG, GG"
SAMPLE 1472,4,"LGG, GG"
SAMPLE 1473,4,"LGG, DNT"
SAMPLE 1474,4,"LGG, GG"
SAMPLE 1475,4,"LGG, DNT"
SAMPLE 1476,4,"LGG, MYB"
SAMPLE 1477,4,"LGG, DNT"
SAMPLE 1478,4,"LGG, GG"
SAMPLE 1479,4,"LGG, GG"
SAMPLE 1480,4,"LGG, DNT"
SAMPLE 1481,4,"LGG, GG"
SAMPLE 1482,4,"LGG, PA/GG ST"
SAMPLE 1483,4,"LGG, GG"
SAMPLE 1484,4,"LGG, GG"
SAMPLE 1485,4,"LGG, GG"
SAMPLE 1486,4,"LGG, GG"
SAMPLE 1487,4,"LGG, GG"
SAMPLE 1488,4,"LGG, GG"
SAMPLE 1489,12,A IDH
SAMPLE 1490,8,"A IDH, HG"
SAMPLE 1491,3,"GBM, MES"
SAMPLE 1492,5,"PITAD, STH SPA"
SAMPLE 1493,5,"PITAD, STH SPA"
SAMPLE 1494,5,"PITAD, STH SPA"
SAMPLE 1495,5,"PITAD, STH SPA"
SAMPLE 1496,5,"PITAD, STH SPA"
SAMPLE 1497,5,"PITAD, STH SPA"
SAMPLE 1498,5,"PITAD, STH SPA"
SAMPLE 1499,5,"PITAD, STH SPA"
SAMPLE 1500,5,"PITAD, STH SPA"
SAMPLE 1501,5,"PITAD, STH SPA"
SAMPLE 1502,5,"PITAD, STH SPA"
SAMPLE 1503,5,"PITAD, STH DNS B"
SAMPLE 1504,5,"PITAD, STH SPA"
SAMPLE 1505,5,"PITAD, STH SPA"
SAMPLE 1506,5,"PITAD, STH SPA"
SAMPLE 1507,5,"PITAD, STH DNS A"
SAMPLE 1508,5,"PITAD, STH DNS A"
SAMPLE 1509,5,"PITAD, STH DNS A"
SAMPLE 1510,5,"PITAD, STH DNS A"
SAMPLE 1511,5,"PITAD, STH DNS A"
SAMPLE 1512,5,"CONTR, PINEAL"
SAMPLE 1513,7,"GBM, G34"
SAMPLE 1514,4,"LGG, DIG/DIA"
SAMPLE 1515,3,"GBM, RTK I"
SAMPLE 1516,5,"PITAD, STH DNS B"
SAMPLE 1517,5,"PITAD, STH DNS A"
SAMPLE 1518,5,"PITAD, STH DNS B"
SAMPLE 1519,5,"PITAD, STH DNS B"
SAMPLE 1520,5,"PITAD, STH DNS B"
SAMPLE 1521,5,"PITAD, STH DNS A"
SAMPLE 1522,5,"PITAD, FSH LH"
SAMPLE 1523,13,"MB, WNT"
SAMPLE 1524,4,"LGG, PA PF"
SAMPLE 1525,13,"MB, SHH CHL AD"
SAMPLE 1526,2,"ATRT, MYC"
SAMPLE 1527,4,"EPN, SPINE"
SAMPLE 1528,4,"EPN, SPINE"
SAMPLE 1529,4,"EPN, SPINE"
SAMPLE 1530,4,"EPN, SPINE"
SAMPLE 1531,4,"EPN, SPINE"
SAMPLE 1532,4,"EPN, SPINE"
SAMPLE 1533,4,"EPN, SPINE"
SAMPLE 1534,11,"HGNET, MN1"
SAMPLE 1535,4,"EPN, PF B"
SAMPLE 1536,11,"EPN, PF A"
SAMPLE 1537,11,"EPN, PF A"
SAMPLE 1538,4,"SUBEPN, PF"
SAMPLE 1539,4,"SUBEPN, PF"
SAMPLE 1540,4,"EPN, PF B"
SAMPLE 1541,11,"EPN, PF A"
SAMPLE 1542,4,"SUBEPN, PF"
SAMPLE 1543,11,"EPN, PF B"
SAMPLE 1544,11,"EPN, PF A"
SAMPLE 1545,11,"EPN, PF A"
SAMPLE 1546,11,"EPN, PF A"
SAMPLE 1547,11,"EPN, RELA"
SAMPLE 1548,11,"EPN, PF A"
SAMPLE 1549,4,"EPN, PF B"
SAMPLE 1550,11,"EPN, PF A"
SAMPLE 1551,11,"EPN, RELA"
SAMPLE 1552,4,"LGG, GG"
SAMPLE 1553,5,"PITAD, STH DNS B"
SAMPLE 1554,5,"PITAD, FSH LH"
SAMPLE 1555,5,"PITAD, FSH LH"
SAMPLE 1556,5,"PITAD, FSH LH"
SAMPLE 1557,5,"PITAD, FSH LH"
SAMPLE 1558,5,"PITAD, FSH LH"
SAMPLE 1559,5,"PITAD, FSH LH"
SAMPLE 1560,5,"PITAD, FSH LH"
SAMPLE 1561,5,"PITAD, FSH LH"
SAMPLE 1562,5,"PITAD, FSH LH"
SAMPLE 1563,5,"PITAD, FSH LH"
SAMPLE 1564,5,"PITAD, FSH LH"
SAMPLE 1565,5,"PITAD, FSH LH"
SAMPLE 1566,5,"PITAD, FSH LH"
SAMPLE 1567,5,"PITAD, ACTH"
SAMPLE 1568,5,"PITAD, PRL"
SAMPLE 1569,5,"PITAD, STH DNS B"
SAMPLE 1570,5,"PITAD, STH SPA"
SAMPLE 1571,5,"PITAD, PRL"
SAMPLE 1572,5,"PITAD, STH SPA"
SAMPLE 1573,5,"PITAD, PRL"
SAMPLE 1574,5,"PITAD, ACTH"
SAMPLE 1575,5,"PITAD, ACTH"
SAMPLE 1576,5,"PITAD, PRL"
SAMPLE 1577,6,EWS
SAMPLE 1578,11,"EPN, RELA"
SAMPLE 1579,12,O IDH
SAMPLE 1580,2,MELAN
SAMPLE 1581,2,MELAN
SAMPLE 1582,12,O IDH
SAMPLE 1583,2,MELCYT
SAMPLE 1584,4,PITUI
SAMPLE 1585,4,"LGG, DNT"
SAMPLE 1586,4,"LGG, PA PF"
SAMPLE 1587,6,"PTPR, A"
SAMPLE 1588,4,PITUI
SAMPLE 1589,4,PITUI
SAMPLE 1590,4,PITUI
SAMPLE 1591,4,PITUI
SAMPLE 1592,4,"CONTR, WM"
SAMPLE 1593,4,"CONTR, WM"
SAMPLE 1594,4,"CONTR, WM"
SAMPLE 1595,11,PXA
SAMPLE 1596,4,SCHW
SAMPLE 1597,4,"EPN, SPINE"
SAMPLE 1598,6,"CONTR, PINEAL"
SAMPLE 1599,5,"CONTR, ADENOPIT"
SAMPLE 1600,5,"CONTR, ADENOPIT"
SAMPLE 1601,5,"CONTR, ADENOPIT"
SAMPLE 1602,5,PLASMA
SAMPLE 1603,5,"PIN T, PPT"
SAMPLE 1604,14,"DMG, K27"
SAMPLE 1605,5,"PIN T, PPT"
SAMPLE 1606,5,"PIN T,  PB B"
SAMPLE 1607,5,"PIN T,  PB B"
SAMPLE 1608,11,"EPN, PF A"
SAMPLE 1609,11,"EPN, PF B"
SAMPLE 1610,4,"EPN, SPINE"
SAMPLE 1611,11,"EPN, PF A"
SAMPLE 1612,6,MNG
SAMPLE 1613,6,MNG
SAMPLE 1614,6,MNG
SAMPLE 1615,6,MNG
SAMPLE 1616,6,MNG
SAMPLE 1617,6,MNG
SAMPLE 1618,6,MNG
SAMPLE 1619,4,SCHW
SAMPLE 1620,4,SCHW
SAMPLE 1621,4,SCHW
SAMPLE 1622,4,SCHW
SAMPLE 1623,4,"LGG, PA/GG ST"
SAMPLE 1624,4,"LGG, GG"
SAMPLE 1625,5,"PITAD, PRL"
SAMPLE 1626,12,A IDH
SAMPLE 1627,7,"GBM, G34"
SAMPLE 1628,14,"DMG, K27"
SAMPLE 1629,4,"LGG, DNT"
SAMPLE 1630,2,"ATRT, TYR"
SAMPLE 1631,6,"PLEX, PED A"
SAMPLE 1632,4,"CONTR, REACT"
SAMPLE 1633,11,"GBM, MYCN"
SAMPLE 1634,11,"GBM, MYCN"
SAMPLE 1635,7,"GBM, G34"
SAMPLE 1636,7,"GBM, G34"
SAMPLE 1637,11,"HGNET, BCOR"
SAMPLE 1638,7,"GBM, G34"
SAMPLE 1639,11,PXA
SAMPLE 1640,11,"GBM, MYCN"
SAMPLE 1641,14,"DMG, K27"
SAMPLE 1642,14,"DMG, K27"
SAMPLE 1643,14,"DMG, K27"
SAMPLE 1644,14,"DMG, K27"
SAMPLE 1645,4,PXA
SAMPLE 1646,7,"GBM, RTK III"
SAMPLE 1647,7,"GBM, G34"
SAMPLE 1648,14,"DMG, K27"
SAMPLE 1649,14,"DMG, K27"
SAMPLE 1650,4,PXA
SAMPLE 1651,4,PXA
SAMPLE 1652,4,"DMG, K27"
SAMPLE 1653,14,"DMG, K27"
SAMPLE 1654,14,"DMG, K27"
SAMPLE 1655,14,"DMG, K27"
SAMPLE 1656,14,"DMG, K27"
SAMPLE 1657,5,"ENB, A"
SAMPLE 1658,5,"ENB, A"
SAMPLE 1659,11,"HGNET, MN1"
SAMPLE 1660,6,"PLEX, AD"
SAMPLE 1661,4,"LGG, DNT"
SAMPLE 1662,4,"LGG, DNT"
SAMPLE 1663,4,"LGG, DNT"
SAMPLE 1664,12,O IDH
SAMPLE 1665,7,"GBM, G34"
SAMPLE 1666,2,"ATRT, SHH"
SAMPLE 1667,1,"MB, SHH INF"
SAMPLE 1668,4,"LGG, MYB"
SAMPLE 1669,6,"PTPR, B"
SAMPLE 1670,4,"LGG, DNT"
SAMPLE 1671,11,"EPN, PF A"
SAMPLE 1672,4,"LGG, DNT"
SAMPLE 1673,13,"MB, G4"
SAMPLE 1674,3,"GBM, RTK II"
SAMPLE 1675,3,"GBM, RTK II"
SAMPLE 1676,14,ANA PA
SAMPLE 1677,5,"PIN T,  PB B"
SAMPLE 1678,4,"LGG, DNT"
SAMPLE 1679,6,"CONTR, PINEAL"
SAMPLE 1680,4,"EPN, MPE"
SAMPLE 1681,14,"DMG, K27"
SAMPLE 1682,12,A IDH
SAMPLE 1683,4,PXA
SAMPLE 1684,6,CHORDM
SAMPLE 1685,6,CHORDM
SAMPLE 1686,3,"GBM, RTK II"
SAMPLE 1687,4,"EPN, PF B"
SAMPLE 1688,2,MELCYT
SAMPLE 1689,2,MELCYT
SAMPLE 1690,4,"SCHW, MEL"
SAMPLE 1691,2,MELCYT
SAMPLE 1692,4,"SCHW, MEL"
SAMPLE 1693,3,"GBM, MES"
SAMPLE 1694,5,"PIN T, PPT"
SAMPLE 1695,6,"PLEX, PED A"
SAMPLE 1696,4,"LGG, PA PF"
SAMPLE 1697,4,"LGG, PA MID"
SAMPLE 1698,5,"PIN T,  PB A"
SAMPLE 1699,4,"LGG, RGNT"
SAMPLE 1700,5,"PIN T, PPT"
SAMPLE 1701,1,LIPN
SAMPLE 1702,5,"CONTR, ADENOPIT"
SAMPLE 1703,4,IHG
SAMPLE 1704,4,"LGG, SEGA"
SAMPLE 1705,4,"LGG, SEGA"
SAMPLE 1706,4,"LGG, SEGA"
SAMPLE 1707,4,"LGG, SEGA"
SAMPLE 1708,5,"CONTR, PINEAL"
SAMPLE 1709,12,O IDH
SAMPLE 1710,4,PXA
SAMPLE 1711,4,CHGL
SAMPLE 1712,1,LIPN
SAMPLE 1713,6,EWS
SAMPLE 1714,4,"LGG, PA PF"
SAMPLE 1715,4,"CONTR, INFLAM"
SAMPLE 1716,3,"GBM, RTK II"
SAMPLE 1717,3,"GBM, MES"
SAMPLE 1718,3,"GBM, RTK I"
SAMPLE 1719,4,"CONTR, INFLAM"
SAMPLE 1720,3,"GBM, RTK II"
SAMPLE 1721,3,"GBM, RTK II"
SAMPLE 1722,4,"CONTR, INFLAM"
SAMPLE 1723,4,"CONTR, INFLAM"
SAMPLE 1724,3,"GBM, RTK II"
SAMPLE 1725,4,"CONTR, INFLAM"
SAMPLE 1726,3,"GBM, RTK II"
SAMPLE 1727,3,"GBM, RTK I"
SAMPLE 1728,4,"CONTR, INFLAM"
SAMPLE 1729,3,"GBM, MES"
SAMPLE 1730,4,"LGG, PA/GG ST"
SAMPLE 1731,11,"EPN, PF A"
SAMPLE 1732,10,"CNS NB, FOXR2"
SAMPLE 1733,12,A IDH
SAMPLE 1734,4,"LGG, SEGA"
SAMPLE 1735,13,"MB, G4"
SAMPLE 1736,5,"PIN T,  PB A"
SAMPLE 1737,2,"HGNET, MN1"
SAMPLE 1738,4,"SUBEPN, PF"
SAMPLE 1739,3,"GBM, RTK II"
SAMPLE 1740,3,"GBM, RTK II"
SAMPLE 1741,4,"CONTR, INFLAM"
SAMPLE 1742,4,"CONTR, INFLAM"
SAMPLE 1743,4,"CONTR, INFLAM"
SAMPLE 1744,3,"GBM, RTK II"
SAMPLE 1745,3,"GBM, MES"
SAMPLE 1746,4,"CONTR, INFLAM"
SAMPLE 1747,3,"GBM, RTK I"
SAMPLE 1748,4,"CONTR, INFLAM"
SAMPLE 1749,3,"GBM, RTK II"
SAMPLE 1750,3,"GBM, RTK II"
SAMPLE 1751,3,"GBM, MES"
SAMPLE 1752,6,"CPH, PAP"
SAMPLE 1753,6,"CPH, ADM"
SAMPLE 1754,14,ANA PA
SAMPLE 1755,4,"CONTR, WM"
SAMPLE 1756,4,"CONTR, WM"
SAMPLE 1757,6,CHORDM
SAMPLE 1758,6,"CONTR, PINEAL"
SAMPLE 1759,4,MELCYT
SAMPLE 1760,11,"GBM, MYCN"
SAMPLE 1761,7,"GBM, G34"
SAMPLE 1762,14,"DMG, K27"
SAMPLE 1763,4,IHG
SAMPLE 1764,7,"GBM, RTK III"
SAMPLE 1765,14,"DMG, K27"
SAMPLE 1766,4,"LGG, SEGA"
SAMPLE 1767,6,"PLEX, AD"
SAMPLE 1768,6,"PLEX, AD"
SAMPLE 1769,6,"PLEX, AD"
SAMPLE 1770,6,"PLEX, AD"
SAMPLE 1771,6,"PLEX, PED B"
SAMPLE 1772,6,"PLEX, AD"
SAMPLE 1773,6,"PLEX, AD"
SAMPLE 1774,11,"HGNET, MN1"
SAMPLE 1775,3,"GBM, RTK II"
SAMPLE 1776,6,"PTPR, B"
SAMPLE 1777,4,"CONTR, INFLAM"
SAMPLE 1778,3,"GBM, RTK I"
SAMPLE 1779,3,"GBM, RTK I"
SAMPLE 1780,3,"GBM, RTK II"
SAMPLE 1781,3,"GBM, MES"
SAMPLE 1782,3,"GBM, RTK II"
SAMPLE 1783,3,"GBM, MES"
SAMPLE 1784,3,"GBM, RTK I"
SAMPLE 1785,4,"CONTR, INFLAM"
SAMPLE 1786,4,"CONTR, INFLAM"
SAMPLE 1787,3,"GBM, RTK II"
SAMPLE 1788,3,"GBM, RTK II"
SAMPLE 1789,3,"GBM, RTK II"
SAMPLE 1790,4,"CONTR, INFLAM"
SAMPLE 1791,4,"CONTR, INFLAM"
SAMPLE 1792,3,"GBM, RTK II"
SAMPLE 1793,4,"CONTR, INFLAM"
SAMPLE 1794,3,"GBM, RTK I"
SAMPLE 1795,7,"GBM, G34"
SAMPLE 1796,5,PLASMA
SAMPLE 1797,12,"A IDH, HG"
SAMPLE 1798,6,SFT HMPC
SAMPLE 1799,7,"GBM, G34"
SAMPLE 1800,14,"DMG, K27"
SAMPLE 1801,14,"GBM, MID"
SAMPLE 1802,14,"DMG, K27"
SAMPLE 1803,14,"DMG, K27"
SAMPLE 1804,14,"DMG, K27"
SAMPLE 1805,14,"DMG, K27"
SAMPLE 1806,14,"GBM, RTK III"
SAMPLE 1807,14,"DMG, K27"
SAMPLE 1808,7,"GBM, RTK III"
SAMPLE 1809,7,"GBM, G34"
SAMPLE 1810,14,"DMG, K27"
SAMPLE 1811,14,"DMG, K27"
SAMPLE 1812,14,"DMG, K27"
SAMPLE 1813,11,"GBM, MYCN"
SAMPLE 1814,7,"GBM, RTK III"
SAMPLE 1815,14,"DMG, K27"
SAMPLE 1816,2,PXA
SAMPLE 1817,11,"GBM, MYCN"
SAMPLE 1818,7,"GBM, G34"
SAMPLE 1819,14,"GBM, MID"
SAMPLE 1820,14,"DMG, K27"
SAMPLE 1821,7,"GBM, RTK III"
SAMPLE 1822,14,"DMG, K27"
SAMPLE 1823,14,"DMG, K27"
SAMPLE 1824,14,"DMG, K27"
SAMPLE 1825,14,"DMG, K27"
SAMPLE 1826,14,"DMG, K27"
SAMPLE 1827,12,O IDH
SAMPLE 1828,12,O IDH
SAMPLE 1829,5,"PIN T, PPT"
SAMPLE 1830,12,A IDH
SAMPLE 1831,12,A IDH
SAMPLE 1832,3,"GBM, RTK I"
SAMPLE 1833,3,"GBM, RTK II"
SAMPLE 1834,3,"GBM, RTK II"
SAMPLE 1835,12,O IDH
SAMPLE 1836,2,MELCYT
SAMPLE 1837,4,"EPN, SPINE"
SAMPLE 1838,5,"CONTR, PINEAL"
SAMPLE 1839,4,"CONTR, WM"
SAMPLE 1840,2,MELAN
SAMPLE 1841,6,"EFT, CIC"
SAMPLE 1842,10,"CNS NB, FOXR2"
SAMPLE 1843,10,"CNS NB, FOXR2"
SAMPLE 1844,14,"DMG, K27"
SAMPLE 1845,12,"A IDH, HG"
SAMPLE 1846,13,"MB, WNT"
SAMPLE 1847,12,"A IDH, HG"
SAMPLE 1848,3,"GBM, MES"
SAMPLE 1849,3,"GBM, RTK II"
SAMPLE 1850,14,"DMG, K27"
SAMPLE 1851,4,PXA
SAMPLE 1852,4,PXA
SAMPLE 1853,4,PXA
SAMPLE 1854,4,CHGL
SAMPLE 1855,14,"DMG, K27"
SAMPLE 1856,4,PXA
SAMPLE 1857,4,PXA
SAMPLE 1858,4,IHG
SAMPLE 1859,5,"ENB, A"
SAMPLE 1860,4,"EPN, MPE"
SAMPLE 1861,3,"GBM, RTK II"
SAMPLE 1862,3,"GBM, RTK I"
SAMPLE 1863,3,"GBM, RTK II"
SAMPLE 1864,10,"CNS NB, FOXR2"
SAMPLE 1865,13,"MB, G3"
SAMPLE 1866,5,"ENB, B"
SAMPLE 1867,2,EWS
SAMPLE 1868,4,"LGG, MYB"
SAMPLE 1869,5,"ENB, A"
SAMPLE 1870,5,"ENB, A"
SAMPLE 1871,1,LIPN
SAMPLE 1872,5,"ENB, B"
SAMPLE 1873,5,"ENB, B"
SAMPLE 1874,5,"ENB, B"
SAMPLE 1875,5,"ENB, A"
SAMPLE 1876,5,"ENB, B"
SAMPLE 1877,5,"ENB, A"
SAMPLE 1878,5,"ENB, B"
SAMPLE 1879,4,CHORDM
SAMPLE 1880,4,"LGG, DIG/DIA"
SAMPLE 1881,4,"LGG, SEGA"
SAMPLE 1882,4,"EPN, MPE"
SAMPLE 1883,3,"GBM, RTK II"
SAMPLE 1884,12,"A IDH, HG"
SAMPLE 1885,3,"GBM, RTK I"
SAMPLE 1886,9,ETMR
SAMPLE 1887,9,ETMR
SAMPLE 1888,11,"HGNET, BCOR"
SAMPLE 1889,1,"MB, SHH INF"
SAMPLE 1890,1,"MB, SHH INF"
SAMPLE 1891,1,"MB, SHH INF"
SAMPLE 1892,13,"MB, SHH CHL AD"
SAMPLE 1893,13,"MB, SHH CHL AD"
SAMPLE 1894,1,"MB, SHH INF"
SAMPLE 1895,12,A IDH
SAMPLE 1896,12,A IDH
SAMPLE 1897,12,A IDH
SAMPLE 1898,12,A IDH
SAMPLE 1899,12,A IDH
SAMPLE 1900,12,A IDH
SAMPLE 1901,12,A IDH
SAMPLE 1902,12,A IDH
SAMPLE 1903,12,O IDH
SAMPLE 1904,12,A IDH
SAMPLE 1905,6,EWS
SAMPLE 1906,11,"EPN, PF B"
SAMPLE 1907,4,"EPN, PF B"
SAMPLE 1908,13,"MB, G3"
SAMPLE 1909,6,"PTPR, A"
SAMPLE 1910,12,O IDH
SAMPLE 1911,12,A IDH
SAMPLE 1912,6,EWS
SAMPLE 1913,14,"DMG, K27"
SAMPLE 1914,14,"DMG, K27"
SAMPLE 1915,4,"LGG, DNT"
SAMPLE 1916,4,"LGG, PA/GG ST"
SAMPLE 1917,4,"LGG, PA MID"
SAMPLE 1918,4,"LGG, PA/GG ST"
SAMPLE 1919,4,"LGG, SEGA"
SAMPLE 1920,4,CN
SAMPLE 1921,13,"MB, G3"
SAMPLE 1922,2,"ATRT, TYR"
SAMPLE 1923,2,"ATRT, MYC"
SAMPLE 1924,6,"EFT, CIC"
SAMPLE 1925,4,PXA
SAMPLE 1926,12,A IDH
SAMPLE 1927,4,MELCYT
SAMPLE 1928,12,O IDH
SAMPLE 1929,4,CN
SAMPLE 1930,5,"PIN T, PPT"
SAMPLE 1931,4,CN
SAMPLE 1932,13,"MB, G4"
SAMPLE 1933,4,"LGG, PA PF"
SAMPLE 1934,4,PXA
SAMPLE 1935,14,"DMG, K27"
SAMPLE 1936,4,"SUBEPN, PF"
SAMPLE 1937,12,A IDH
SAMPLE 1938,4,"LGG, PA PF"
SAMPLE 1939,4,"EPN, MPE"
SAMPLE 1940,4,"SUBEPN, ST"
SAMPLE 1941,4,"SUBEPN, ST"
SAMPLE 1942,4,"SUBEPN, PF"
SAMPLE 1943,4,"SUBEPN, SPINE"
SAMPLE 1944,4,"SUBEPN, PF"
SAMPLE 1945,4,"SUBEPN, PF"
SAMPLE 1946,4,"SUBEPN, ST"
SAMPLE 1947,4,"SUBEPN, PF"
SAMPLE 1948,4,"SUBEPN, PF"
SAMPLE 1949,4,"EPN, MPE"
SAMPLE 1950,4,"EPN, MPE"
SAMPLE 1951,4,"EPN, MPE"
SAMPLE 1952,4,"EPN, MPE"
SAMPLE 1953,4,"EPN, MPE"
SAMPLE 1954,4,"SUBEPN, PF"
SAMPLE 1955,4,"SUBEPN, PF"
SAMPLE 1956,4,"CONTR, REACT"
SAMPLE 1957,10,"CNS NB, FOXR2"
SAMPLE 1958,6,EWS
SAMPLE 1959,14,"DMG, K27"
SAMPLE 1960,14,"DMG, K27"
SAMPLE 1961,14,"DMG, K27"
SAMPLE 1962,11,"GBM, MYCN"
SAMPLE 1963,14,"DMG, K27"
SAMPLE 1964,11,"EPN, PF B"
SAMPLE 1965,11,"EPN, PF B"
SAMPLE 1966,5,"ENB, B"
SAMPLE 1967,4,MELCYT
SAMPLE 1968,6,EWS
SAMPLE 1969,13,"MB, G3"
SAMPLE 1970,11,"HGNET, MN1"
SAMPLE 1971,14,"DMG, K27"
SAMPLE 1972,14,"DMG, K27"
SAMPLE 1973,13,"MB, G3"
SAMPLE 1974,3,"GBM, RTK II"
SAMPLE 1975,4,"SUBEPN, PF"
SAMPLE 1976,3,"GBM, MES"
SAMPLE 1977,3,"GBM, MES"
SAMPLE 1978,4,"LGG, PA PF"
SAMPLE 1979,4,"EPN, SPINE"
SAMPLE 1980,2,"ATRT, SHH"
SAMPLE 1981,2,"ATRT, SHH"
SAMPLE 1982,2,"ATRT, TYR"
SAMPLE 1983,2,"ATRT, MYC"
SAMPLE 1984,2,"ATRT, SHH"
SAMPLE 1985,2,"ATRT, TYR"
SAMPLE 1986,2,"ATRT, SHH"
SAMPLE 1987,2,"ATRT, SHH"
SAMPLE 1988,2,"ATRT, TYR"
SAMPLE 1989,2,"ATRT, MYC"
SAMPLE 1990,2,"ATRT, SHH"
SAMPLE 1991,2,"ATRT, SHH"
SAMPLE 1992,12,A IDH
SAMPLE 1993,3,"GBM, RTK I"
SAMPLE 1994,4,"LGG, PA/GG ST"
SAMPLE 1995,14,"GBM, MID"
SAMPLE 1996,11,"SUBEPN, SPINE"
SAMPLE 1997,4,"LGG, DNT"
SAMPLE 1998,4,"EPN, SPINE"
SAMPLE 1999,6,SFT HMPC
SAMPLE 2000,1,"MB, SHH INF"
SAMPLE 2001,2,"ATRT, SHH"
SAMPLE 2002,4,"EPN, PF B"
SAMPLE 2003,11,"EPN, PF B"
SAMPLE 2004,11,"SUBEPN, PF"
SAMPLE 2005,3,"SUBEPN, PF"
SAMPLE 2006,4,"EPN, PF B"
SAMPLE 2007,4,"EPN, PF B"
SAMPLE 2008,4,"EPN, PF B"
SAMPLE 2009,4,"SUBEPN, PF"
SAMPLE 2010,11,"EPN, PF B"
SAMPLE 2011,4,"SUBEPN, PF"
SAMPLE 2012,11,"EPN, PF B"
SAMPLE 2013,11,"EPN, PF B"
SAMPLE 2014,12,A IDH
SAMPLE 2015,3,"GBM, RTK II"
SAMPLE 2016,3,"GBM, RTK I"
SAMPLE 2017,3,"GBM, MES"
SAMPLE 2018,4,"LGG, DNT"
SAMPLE 2019,14,"GBM, RTK II"
SAMPLE 2020,4,"LGG, PA PF"
SAMPLE 2021,3,"GBM, RTK II"
SAMPLE 2022,11,"EPN, PF A"
SAMPLE 2023,7,"GBM, G34"
SAMPLE 2024,4,"LGG, PA PF"
SAMPLE 2025,12,A IDH
SAMPLE 2026,12,O IDH
SAMPLE 2027,2,"ATRT, MYC"
SAMPLE 2028,2,"ATRT, SHH"
SAMPLE 2029,2,"ATRT, MYC"
SAMPLE 2030,4,"LGG, SEGA"
SAMPLE 2031,12,O IDH
SAMPLE 2032,12,A IDH
SAMPLE 2033,12,O IDH
SAMPLE 2034,12,A IDH
SAMPLE 2035,12,A IDH
SAMPLE 2036,12,A IDH
SAMPLE 2037,14,"DMG, K27"
SAMPLE 2038,3,"GBM, RTK II"
SAMPLE 2039,4,"EPN, PF B"
SAMPLE 2040,4,"EPN, YAP"
SAMPLE 2041,11,"HGNET, BCOR"
SAMPLE 2042,4,"HGNET, MN1"
SAMPLE 2043,4,"SUBEPN, PF"
SAMPLE 2044,4,"EPN, PF B"
SAMPLE 2045,4,"EPN, PF B"
SAMPLE 2046,11,"EPN, PF B"
SAMPLE 2047,4,"EPN, PF B"
SAMPLE 2048,4,"EPN, PF B"
SAMPLE 2049,4,"LGG, SEGA"
SAMPLE 2050,3,"GBM, MES"
SAMPLE 2051,11,"HGNET, BCOR"
SAMPLE 2052,12,O IDH
SAMPLE 2053,12,O IDH
SAMPLE 2054,12,O IDH
SAMPLE 2055,3,"GBM, RTK II"
SAMPLE 2056,3,"GBM, MES"
SAMPLE 2057,4,"SUBEPN, SPINE"
SAMPLE 2058,6,EWS
SAMPLE 2059,12,O IDH
SAMPLE 2060,4,"LGG, PA PF"
SAMPLE 2061,13,"MB, WNT"
SAMPLE 2062,11,PXA
SAMPLE 2063,11,"HGNET, BCOR"
SAMPLE 2064,12,O IDH
SAMPLE 2065,14,"DMG, K27"
SAMPLE 2066,12,O IDH
SAMPLE 2067,3,"GBM, RTK I"
SAMPLE 2068,4,"EPN, YAP"
SAMPLE 2069,6,SFT HMPC
SAMPLE 2070,2,"ATRT, TYR"
SAMPLE 2071,2,"ATRT, SHH"
SAMPLE 2072,4,"EPN, PF B"
SAMPLE 2073,11,"EPN, PF B"
SAMPLE 2074,4,"EPN, PF B"
SAMPLE 2075,4,"EPN, PF B"
SAMPLE 2076,4,"EPN, PF B"
SAMPLE 2077,5,"PLEX, PED B"
SAMPLE 2078,2,"PLEX, PED B"
SAMPLE 2079,6,"PLEX, PED B"
SAMPLE 2080,6,"PLEX, PED B"
SAMPLE 2081,2,"PLEX, PED B"
SAMPLE 2082,6,"PLEX, AD"
SAMPLE 2083,5,"PLEX, PED B"
SAMPLE 2084,6,"PLEX, PED A"
SAMPLE 2085,6,"PLEX, PED A"
SAMPLE 2086,6,"PLEX, PED B"
SAMPLE 2087,2,"PLEX, PED B"
SAMPLE 2088,6,"PLEX, PED B"
SAMPLE 2089,6,"PLEX, PED A"
SAMPLE 2090,6,"PLEX, PED B"
SAMPLE 2091,6,"PLEX, PED B"
SAMPLE 2092,6,"PLEX, PED B"
SAMPLE 2093,6,"PLEX, AD"
SAMPLE 2094,6,"PLEX, PED A"
SAMPLE 2095,6,"PLEX, PED B"
SAMPLE 2096,6,"PLEX, PED A"
SAMPLE 2097,6,"PLEX, PED B"
SAMPLE 2098,6,"PLEX, AD"
SAMPLE 2099,6,"PLEX, PED B"
SAMPLE 2100,6,"PLEX, PED B"
SAMPLE 2101,6,"PLEX, PED B"
SAMPLE 2102,2,"PLEX, PED B"
SAMPLE 2103,6,"PLEX, PED B"
SAMPLE 2104,5,"PLEX, PED B"
SAMPLE 2105,6,"PLEX, PED A"
SAMPLE 2106,6,"PLEX, PED A"
SAMPLE 2107,6,"PLEX, PED A"
SAMPLE 2108,5,"PLEX, PED B"
SAMPLE 2109,5,"PLEX, PED B"
SAMPLE 2110,6,"PLEX, AD"
SAMPLE 2111,5,"PLEX, PED B"
SAMPLE 2112,6,"PLEX, PED B"
SAMPLE 2113,2,"PLEX, PED B"
SAMPLE 2114,6,"PLEX, PED B"
SAMPLE 2115,6,"PLEX, PED B"
SAMPLE 2116,6,"PLEX, PED B"
SAMPLE 2117,5,"PLEX, PED B"
SAMPLE 2118,6,"PLEX, PED B"
SAMPLE 2119,6,"PLEX, PED A"
SAMPLE 2120,6,"PLEX, PED A"
SAMPLE 2121,2,"PLEX, PED B"
SAMPLE 2122,6,"PLEX, PED B"
SAMPLE 2123,6,"PLEX, AD"
SAMPLE 2124,6,"PLEX, PED B"
SAMPLE 2125,5,"PLEX, PED B"
SAMPLE 2126,6,"PLEX, AD"
SAMPLE 2127,6,"PLEX, AD"
SAMPLE 2128,6,"PLEX, PED B"
SAMPLE 2129,4,"PLEX, AD"
SAMPLE 2130,6,"PLEX, PED B"
SAMPLE 2131,6,"PLEX, PED B"
SAMPLE 2132,6,"PLEX, PED B"
SAMPLE 2133,6,"PLEX, PED B"
SAMPLE 2134,6,"PLEX, AD"
SAMPLE 2135,5,"PLEX, PED B"
SAMPLE 2136,6,"PLEX, PED A"
SAMPLE 2137,6,"PLEX, PED B"
SAMPLE 2138,5,"PLEX, PED B"
SAMPLE 2139,3,"GBM, RTK I"
SAMPLE 2140,4,"EPN, SPINE"
SAMPLE 2141,13,"MB, G3"
SAMPLE 2142,3,"GBM, RTK II"
SAMPLE 2143,3,"GBM, RTK I"
SAMPLE 2144,3,"GBM, RTK I"
SAMPLE 2145,3,"GBM, RTK II"
SAMPLE 2146,12,A IDH
SAMPLE 2147,3,"GBM, MES"
SAMPLE 2148,4,DLGNT
SAMPLE 2149,7,"GBM, RTK III"
SAMPLE 2150,11,"GBM, MYCN"
SAMPLE 2151,11,"GBM, MYCN"
SAMPLE 2152,14,"GBM, MID"
SAMPLE 2153,7,"GBM, RTK III"
SAMPLE 2154,2,"ATRT, SHH"
SAMPLE 2155,2,"ATRT, SHH"
SAMPLE 2156,2,"ATRT, TYR"
SAMPLE 2157,2,"ATRT, MYC"
SAMPLE 2158,2,"ATRT, TYR"
SAMPLE 2159,2,"ATRT, SHH"
SAMPLE 2160,2,"ATRT, MYC"
SAMPLE 2161,2,"ATRT, TYR"
SAMPLE 2162,6,"PTPR, B"
SAMPLE 2163,6,"PTPR, B"
SAMPLE 2164,6,"PTPR, B"
SAMPLE 2165,11,"EPN, PF B"
SAMPLE 2166,4,PITUI
SAMPLE 2167,11,"EPN, PF B"
SAMPLE 2168,4,"EPN, PF B"
SAMPLE 2169,3,"GBM, MES"
SAMPLE 2170,7,"GBM, G34"
SAMPLE 2171,14,"GBM, MID"
SAMPLE 2172,3,"GBM, RTK II"
SAMPLE 2173,12,O IDH
SAMPLE 2174,3,"GBM, RTK II"
SAMPLE 2175,3,"GBM, MES"
SAMPLE 2176,4,PXA
SAMPLE 2177,4,PXA
SAMPLE 2178,4,PXA
SAMPLE 2179,8,"A IDH, HG"
SAMPLE 2180,3,"GBM, RTK I"
SAMPLE 2181,3,"GBM, MES"
SAMPLE 2182,5,"PIN T, PPT"
SAMPLE 2183,4,"EPN, SPINE"
SAMPLE 2184,12,O IDH
SAMPLE 2185,12,A IDH
SAMPLE 2186,10,"CNS NB, FOXR2"
SAMPLE 2187,2,"ATRT, SHH"
SAMPLE 2188,6,"CPH, ADM"
SAMPLE 2189,6,"CPH, ADM"
SAMPLE 2190,6,"CPH, ADM"
SAMPLE 2191,6,"CPH, ADM"
SAMPLE 2192,6,"CPH, PAP"
SAMPLE 2193,6,"CPH, ADM"
SAMPLE 2194,6,"CPH, ADM"
SAMPLE 2195,6,"CPH, ADM"
SAMPLE 2196,6,"CPH, PAP"
SAMPLE 2197,6,"CPH, PAP"
SAMPLE 2198,4,PXA
SAMPLE 2199,14,"GBM, MID"
SAMPLE 2200,3,"GBM, RTK II"
SAMPLE 2201,12,O IDH
SAMPLE 2202,3,"GBM, RTK II"
SAMPLE 2203,3,"GBM, RTK II"
SAMPLE 2204,3,"GBM, MES"
SAMPLE 2205,6,"EFT, CIC"
SAMPLE 2206,13,"MB, SHH INF"
SAMPLE 2207,4,"LGG, MYB"
SAMPLE 2208,4,"LGG, DIG/DIA"
SAMPLE 2209,11,"HGNET, BCOR"
SAMPLE 2210,12,A IDH
SAMPLE 2211,3,"GBM, RTK II"
SAMPLE 2212,4,"EPN, MPE"
SAMPLE 2213,3,"GBM, MES"
SAMPLE 2214,2,MELAN
SAMPLE 2215,9,ETMR
SAMPLE 2216,12,A IDH
SAMPLE 2217,4,"CONTR, REACT"
SAMPLE 2218,3,"GBM, RTK I"
SAMPLE 2219,11,"HGNET, BCOR"
SAMPLE 2220,4,PXA
SAMPLE 2221,3,"GBM, MES"
SAMPLE 2222,11,"EPN, PF A"
SAMPLE 2223,11,"EPN, PF A"
SAMPLE 2224,11,"EPN, RELA"
SAMPLE 2225,2,"ATRT, TYR"
SAMPLE 2226,1,"MB, SHH INF"
SAMPLE 2227,6,"PTPR, B"
SAMPLE 2228,12,A IDH
SAMPLE 2229,4,"LGG, DNT"
SAMPLE 2230,5,"PIN T, PPT"
SAMPLE 2231,3,"GBM, RTK II"
SAMPLE 2232,3,"GBM, RTK I"
SAMPLE 2233,12,O IDH
SAMPLE 2234,6,"EFT, CIC"
SAMPLE 2235,12,A IDH
SAMPLE 2236,12,O IDH
SAMPLE 2237,5,PLASMA
SAMPLE 2238,6,SFT HMPC
SAMPLE 2239,4,"LGG, RGNT"
SAMPLE 2240,12,O IDH
SAMPLE 2241,12,A IDH
SAMPLE 2242,12,A IDH
SAMPLE 2243,12,A IDH
SAMPLE 2244,12,A IDH
SAMPLE 2245,12,A IDH
SAMPLE 2246,12,A IDH
SAMPLE 2247,4,"EPN, SPINE"
SAMPLE 2248,3,"GBM, RTK II"
SAMPLE 2249,8,"A IDH, HG"
SAMPLE 2250,5,"EFT, CIC"
SAMPLE 2251,5,PLASMA
SAMPLE 2252,4,"EPN, SPINE"
SAMPLE 2253,12,O IDH
SAMPLE 2254,3,"GBM, RTK II"
SAMPLE 2255,14,"GBM, MID"
SAMPLE 2256,3,"GBM, RTK II"
SAMPLE 2257,5,PLASMA
SAMPLE 2258,4,"LGG, PA MID"
SAMPLE 2259,3,"GBM, RTK I"
SAMPLE 2260,12,O IDH
SAMPLE 2261,5,"PIN T,  PB A"
SAMPLE 2262,13,"MB, G4"
SAMPLE 2263,4,"LGG, PA PF"
SAMPLE 2264,12,A IDH
SAMPLE 2265,11,"HGNET, MN1"
SAMPLE 2266,4,HMB
SAMPLE 2267,4,HMB
SAMPLE 2268,12,A IDH
SAMPLE 2269,3,ANA PA
SAMPLE 2270,6,CHORDM
SAMPLE 2271,6,CHORDM
SAMPLE 2272,6,CHORDM
SAMPLE 2273,13,"MB, G4"
SAMPLE 2274,3,"GBM, MES"
SAMPLE 2275,3,"GBM, RTK I"
SAMPLE 2276,3,"GBM, RTK I"
SAMPLE 2277,3,"GBM, RTK II"
SAMPLE 2278,3,"GBM, RTK II"
SAMPLE 2279,3,"GBM, RTK I"
SAMPLE 2280,3,"GBM, MES"
SAMPLE 2281,4,"CONTR, INFLAM"
SAMPLE 2282,3,"GBM, RTK II"
SAMPLE 2283,4,"CONTR, INFLAM"
SAMPLE 2284,3,"GBM, MES"
SAMPLE 2285,2,EWS
SAMPLE 2286,3,"GBM, RTK II"
SAMPLE 2287,7,"GBM, RTK I"
SAMPLE 2288,13,"MB, G4"
SAMPLE 2289,4,"LGG, PA/GG ST"
SAMPLE 2290,12,A IDH
SAMPLE 2291,12,"A IDH, HG"
SAMPLE 2292,14,"GBM, MID"
SAMPLE 2293,3,"GBM, RTK I"
SAMPLE 2294,3,"GBM, RTK I"
SAMPLE 2295,3,"GBM, RTK II"
SAMPLE 2296,12,O IDH
SAMPLE 2297,4,PXA
SAMPLE 2298,4,"LGG, PA PF"
SAMPLE 2299,12,O IDH
SAMPLE 2300,5,PLASMA
SAMPLE 2301,3,"GBM, MES"
SAMPLE 2302,4,"EPN, MPE"
SAMPLE 2303,2,LYMPHO
SAMPLE 2304,12,O IDH
SAMPLE 2305,5,"PIN T, PPT"
SAMPLE 2306,3,"GBM, RTK I"
SAMPLE 2307,3,"GBM, RTK II"
SAMPLE 2308,3,"GBM, MES"
SAMPLE 2309,3,"GBM, RTK I"
SAMPLE 2310,3,"GBM, RTK I"
SAMPLE 2311,3,"GBM, RTK I"
SAMPLE 2312,3,"GBM, RTK II"
SAMPLE 2313,3,"GBM, RTK II"
SAMPLE 2314,12,A IDH
SAMPLE 2315,12,A IDH
SAMPLE 2316,12,O IDH
SAMPLE 2317,12,O IDH
SAMPLE 2318,12,O IDH
SAMPLE 2319,5,"PIN T,  PB B"
SAMPLE 2320,3,"GBM, RTK I"
SAMPLE 2321,3,"GBM, RTK II"
SAMPLE 2322,4,"CONTR, INFLAM"
SAMPLE 2323,3,"GBM, RTK I"
SAMPLE 2324,3,"GBM, RTK II"
SAMPLE 2325,4,"EPN, MPE"
SAMPLE 2326,4,CHORDM
SAMPLE 2327,4,CHORDM
SAMPLE 2328,5,PLASMA
SAMPLE 2329,5,PLASMA
SAMPLE 2330,4,"LGG, RGNT"
SAMPLE 2331,3,"GBM, RTK I"
SAMPLE 2332,3,"GBM, RTK II"
SAMPLE 2333,3,"GBM, RTK I"
SAMPLE 2334,3,"GBM, MES"
SAMPLE 2335,4,"CONTR, INFLAM"
SAMPLE 2336,4,"CONTR, INFLAM"
SAMPLE 2337,14,"DMG, K27"
SAMPLE 2338,7,"GBM, G34"
SAMPLE 2339,12,O IDH
SAMPLE 2340,12,O IDH
SAMPLE 2341,12,A IDH
SAMPLE 2342,12,A IDH
SAMPLE 2343,12,"A IDH, HG"
SAMPLE 2344,3,"GBM, RTK I"
SAMPLE 2345,4,"EPN, PF B"
SAMPLE 2346,9,ETMR
SAMPLE 2347,4,PXA
SAMPLE 2348,11,"HGNET, BCOR"
SAMPLE 2349,12,O IDH
SAMPLE 2350,2,LYMPHO
SAMPLE 2351,12,O IDH
SAMPLE 2352,5,"PIN T,  PB A"
SAMPLE 2353,13,"MB, G4"
SAMPLE 2354,2,"ATRT, MYC"
SAMPLE 2355,2,"ATRT, TYR"
SAMPLE 2356,3,"GBM, MES"
SAMPLE 2357,7,"GBM, RTK III"
SAMPLE 2358,3,"GBM, RTK II"
SAMPLE 2359,11,"HGNET, BCOR"
SAMPLE 2360,4,"LGG, PA MID"
SAMPLE 2361,3,"GBM, RTK I"
SAMPLE 2362,6,SFT HMPC
SAMPLE 2363,12,A IDH
SAMPLE 2364,4,IHG
SAMPLE 2365,11,"HGNET, BCOR"
SAMPLE 2366,3,"GBM, RTK II"
SAMPLE 2367,4,"CONTR, INFLAM"
SAMPLE 2368,5,RETB
SAMPLE 2369,5,RETB
SAMPLE 2370,5,RETB
SAMPLE 2371,3,"GBM, MES"
SAMPLE 2372,4,"LGG, DNT"
SAMPLE 2373,5,RETB
SAMPLE 2374,5,RETB
SAMPLE 2375,5,RETB
SAMPLE 2376,5,RETB
SAMPLE 2377,5,RETB
SAMPLE 2378,5,RETB
SAMPLE 2379,5,RETB
SAMPLE 2380,5,RETB
SAMPLE 2381,5,RETB
SAMPLE 2382,5,RETB
SAMPLE 2383,5,RETB
SAMPLE 2384,4,ANA PA
SAMPLE 2385,4,ANA PA
SAMPLE 2386,5,"ENB, A"
SAMPLE 2387,5,"ENB, B"
SAMPLE 2388,5,"ENB, A"
SAMPLE 2389,3,"GBM, RTK I"
SAMPLE 2390,3,"GBM, RTK II"
SAMPLE 2391,6,"CPH, PAP"
SAMPLE 2392,12,O IDH
SAMPLE 2393,12,A IDH
SAMPLE 2394,4,"LGG, PA/GG ST"
SAMPLE 2395,2,"ATRT, MYC"
SAMPLE 2396,4,"LGG, PA MID"
SAMPLE 2397,12,A IDH
SAMPLE 2398,5,RETB
SAMPLE 2399,5,RETB
SAMPLE 2400,5,RETB
SAMPLE 2401,5,RETB
SAMPLE 2402,5,RETB
SAMPLE 2403,5,"ENB, B"
SAMPLE 2404,5,"ENB, B"
SAMPLE 2405,5,"ENB, A"
SAMPLE 2406,5,"ENB, A"
SAMPLE 2407,5,"ENB, B"
SAMPLE 2408,5,"ENB, A"
SAMPLE 2409,3,"GBM, RTK II"
SAMPLE 2410,6,"CPH, PAP"
SAMPLE 2411,13,"MB, G4"
SAMPLE 2412,4,"LGG, DNT"
SAMPLE 2413,4,ANA PA
SAMPLE 2414,3,"GBM, RTK II"
SAMPLE 2415,4,CN
SAMPLE 2416,3,"GBM, RTK II"
SAMPLE 2417,3,"GBM, RTK I"
SAMPLE 2418,4,"LGG, PA MID"
SAMPLE 2419,4,ANA PA
SAMPLE 2420,8,"A IDH, HG"
SAMPLE 2421,13,"MB, G4"
SAMPLE 2422,6,EWS
SAMPLE 2423,8,"A IDH, HG"
SAMPLE 2424,3,"GBM, RTK II"
SAMPLE 2425,3,"GBM, RTK I"
SAMPLE 2426,12,O IDH
SAMPLE 2427,4,"CONTR, REACT"
SAMPLE 2428,4,"LGG, PA/GG ST"
SAMPLE 2429,4,"LGG, DNT"
SAMPLE 2430,12,A IDH
SAMPLE 2431,12,A IDH
SAMPLE 2432,12,O IDH
SAMPLE 2433,4,"CONTR, REACT"
SAMPLE 2434,3,"GBM, RTK II"
SAMPLE 2435,12,O IDH
SAMPLE 2436,13,"MB, SHH CHL AD"
SAMPLE 2437,14,"DMG, K27"
SAMPLE 2438,14,"DMG, K27"
SAMPLE 2439,14,"DMG, K27"
SAMPLE 2440,3,"GBM, RTK I"
SAMPLE 2441,3,"GBM, RTK II"
SAMPLE 2442,12,A IDH
SAMPLE 2443,12,"A IDH, HG"
SAMPLE 2444,8,O IDH
SAMPLE 2445,4,"LGG, PA PF"
SAMPLE 2446,12,A IDH
SAMPLE 2447,1,"MB, SHH CHL AD"
SAMPLE 2448,6,SFT HMPC
SAMPLE 2449,8,"A IDH, HG"
SAMPLE 2450,3,"GBM, MES"
SAMPLE 2451,13,"MB, SHH CHL AD"
SAMPLE 2452,4,IHG
SAMPLE 2453,3,"GBM, RTK II"
SAMPLE 2454,14,ANA PA
SAMPLE 2455,11,"GBM, MYCN"
SAMPLE 2456,4,IHG
SAMPLE 2457,3,"GBM, RTK II"
SAMPLE 2458,6,SFT HMPC
SAMPLE 2459,13,"MB, G3"
SAMPLE 2460,12,A IDH
SAMPLE 2461,3,"GBM, MES"
SAMPLE 2462,4,"LGG, DNT"
SAMPLE 2463,13,"MB, WNT"
SAMPLE 2464,3,"GBM, RTK II"
SAMPLE 2465,13,"MB, G4"
SAMPLE 2466,6,EWS
SAMPLE 2467,13,"MB, G4"
SAMPLE 2468,3,"GBM, RTK II"
SAMPLE 2469,3,"GBM, RTK II"
SAMPLE 2470,8,"A IDH, HG"
SAMPLE 2471,12,O IDH
SAMPLE 2472,3,"GBM, RTK II"
SAMPLE 2473,3,"GBM, MES"
SAMPLE 2474,4,"LGG, PA/GG ST"
SAMPLE 2475,14,"GBM, MID"
SAMPLE 2476,4,ANA PA
SAMPLE 2477,14,"GBM, MID"
SAMPLE 2478,4,"LGG, PA/GG ST"
SAMPLE 2479,4,SCHW
SAMPLE 2480,4,PXA
SAMPLE 2481,4,PXA
SAMPLE 2482,11,"HGNET, BCOR"
SAMPLE 2483,6,MNG
SAMPLE 2484,12,O IDH
SAMPLE 2485,4,"EPN, MPE"
SAMPLE 2486,8,"A IDH, HG"
SAMPLE 2487,6,MNG
SAMPLE 2488,6,MNG
SAMPLE 2489,6,MNG
SAMPLE 2490,6,MNG
SAMPLE 2491,6,MNG
SAMPLE 2492,6,MNG
SAMPLE 2493,6,MNG
SAMPLE 2494,6,MNG
SAMPLE 2495,6,MNG
SAMPLE 2496,6,MNG
SAMPLE 2497,6,MNG
SAMPLE 2498,6,MNG
SAMPLE 2499,6,MNG
SAMPLE 2500,6,MNG
SAMPLE 2501,6,MNG
SAMPLE 2502,6,MNG
SAMPLE 2503,6,MNG
SAMPLE 2504,6,MNG
SAMPLE 2505,6,MNG
SAMPLE 2506,6,MNG
SAMPLE 2507,6,MNG
SAMPLE 2508,5,"PIN T, PPT"
SAMPLE 2509,5,"PIN T, PPT"
SAMPLE 2510,6,"PTPR, B"
SAMPLE 2511,6,"PTPR, B"
SAMPLE 2512,4,"LGG, RGNT"
SAMPLE 2513,4,"LGG, RGNT"
SAMPLE 2514,6,EWS
SAMPLE 2515,1,"MB, SHH INF"
SAMPLE 2516,2,"ATRT, TYR"
SAMPLE 2517,3,"GBM, RTK II"
SAMPLE 2518,4,PXA
SAMPLE 2519,3,"GBM, RTK I"
SAMPLE 2520,3,"GBM, RTK II"
SAMPLE 2521,3,"GBM, RTK II"
SAMPLE 2522,4,"LGG, PA MID"
SAMPLE 2523,14,ANA PA
SAMPLE 2524,7,"GBM, RTK III"
SAMPLE 2525,8,"A IDH, HG"
SAMPLE 2526,14,ANA PA
SAMPLE 2527,3,"GBM, RTK II"
SAMPLE 2528,13,"MB, G4"
SAMPLE 2529,12,A IDH
SAMPLE 2530,12,A IDH
SAMPLE 2531,4,"LGG, GG"
SAMPLE 2532,3,"GBM, MES"
SAMPLE 2533,12,A IDH
SAMPLE 2534,5,"CONTR, ADENOPIT"
SAMPLE 2535,4,"CONTR, PONS"
SAMPLE 2536,4,"CONTR, PONS"
SAMPLE 2537,4,"CONTR, WM"
SAMPLE 2538,6,"CONTR, PINEAL"
SAMPLE 2539,5,"CONTR, PINEAL"
SAMPLE 2540,4,"CONTR, PONS"
SAMPLE 2541,4,"CONTR, PONS"
SAMPLE 2542,4,"CONTR, WM"
SAMPLE 2543,4,"CONTR, PONS"
SAMPLE 2544,4,"CONTR, PONS"
SAMPLE 2545,4,"CONTR, PONS"
SAMPLE 2546,4,"CONTR, PONS"
SAMPLE 2547,4,"CONTR, PONS"
SAMPLE 2548,6,"CONTR, PINEAL"
SAMPLE 2549,4,"CONTR, PONS"
SAMPLE 2550,4,"CONTR, PONS"
SAMPLE 2551,4,"CONTR, PONS"
SAMPLE 2552,5,"CONTR, ADENOPIT"
SAMPLE 2553,10,"CNS NB, FOXR2"
SAMPLE 2554,5,"PIN T,  PB A"
SAMPLE 2555,5,"PIN T,  PB B"
SAMPLE 2556,10,"CNS NB, FOXR2"
SAMPLE 2557,10,"CNS NB, FOXR2"
SAMPLE 2558,11,"HGNET, BCOR"
SAMPLE 2559,10,"CNS NB, FOXR2"
SAMPLE 2560,10,"CNS NB, FOXR2"
SAMPLE 2561,5,"PIN T,  PB B"
SAMPLE 2562,10,"CNS NB, FOXR2"
SAMPLE 2563,5,"PIN T,  PB B"
SAMPLE 2564,5,"PIN T,  PB B"
SAMPLE 2565,5,"PIN T,  PB B"
SAMPLE 2566,5,"PIN T,  PB B"
SAMPLE 2567,10,"CNS NB, FOXR2"
SAMPLE 2568,5,"PIN T,  PB A"
SAMPLE 2569,5,"PIN T,  PB B"
SAMPLE 2570,4,"LGG, PA MID"
SAMPLE 2571,3,"GBM, RTK II"
SAMPLE 2572,14,"GBM, MID"
SAMPLE 2573,5,"PITAD, PRL"
SAMPLE 2574,4,PITUI
SAMPLE 2575,4,PITUI
SAMPLE 2576,4,PITUI
SAMPLE 2577,3,"GBM, RTK I"
SAMPLE 2578,4,"LGG, RGNT"
SAMPLE 2579,4,IHG
SAMPLE 2580,8,"A IDH, HG"
SAMPLE 2581,3,"GBM, RTK I"
SAMPLE 2582,2,"ATRT, SHH"
SAMPLE 2583,3,"GBM, MES"
SAMPLE 2584,4,CHGL
SAMPLE 2585,4,CHGL
SAMPLE 2586,4,CHGL
SAMPLE 2587,3,"GBM, RTK II"
SAMPLE 2588,3,"GBM, RTK I"
SAMPLE 2589,3,"GBM, RTK II"
SAMPLE 2590,3,"GBM, RTK II"
SAMPLE 2591,12,"A IDH, HG"
SAMPLE 2592,2,"ATRT, TYR"
SAMPLE 2593,2,"ATRT, MYC"
SAMPLE 2594,2,"ATRT, MYC"
SAMPLE 2595,4,ANA PA
SAMPLE 2596,8,"A IDH, HG"
SAMPLE 2597,14,"GBM, MID"
SAMPLE 2598,4,"LGG, DNT"
SAMPLE 2599,4,"LGG, DNT"
SAMPLE 2600,4,"LGG, MYB"
SAMPLE 2601,3,"GBM, MES"
SAMPLE 2602,4,ANA PA
SAMPLE 2603,4,"LGG, PA PF"
SAMPLE 2604,4,"LGG, PA PF"
SAMPLE 2605,4,"LGG, DNT"
SAMPLE 2606,4,"LGG, DNT"
SAMPLE 2607,3,"GBM, RTK II"
SAMPLE 2608,5,"PIN T,  PB B"
SAMPLE 2609,3,"GBM, RTK II"
SAMPLE 2610,3,"GBM, RTK II"
SAMPLE 2611,3,"GBM, MES"
SAMPLE 2612,4,"LGG, MYB"
SAMPLE 2613,4,"LGG, DNT"
SAMPLE 2614,3,"GBM, MES"
SAMPLE 2615,4,PITUI
SAMPLE 2616,3,"GBM, RTK I"
SAMPLE 2617,3,"GBM, RTK II"
SAMPLE 2618,12,"A IDH, HG"
SAMPLE 2619,4,PITUI
SAMPLE 2620,4,"LGG, MYB"
SAMPLE 2621,3,"GBM, RTK II"
SAMPLE 2622,3,"GBM, MES"
SAMPLE 2623,4,"CONTR, REACT"
SAMPLE 2624,4,PXA
SAMPLE 2625,4,PXA
SAMPLE 2626,4,PXA
SAMPLE 2627,4,PXA
SAMPLE 2628,4,PXA
SAMPLE 2629,4,PXA
SAMPLE 2630,4,PXA
SAMPLE 2631,11,"HGNET, MN1"
SAMPLE 2632,11,"HGNET, MN1"
SAMPLE 2633,3,"GBM, RTK II"
SAMPLE 2634,3,"GBM, MES"
SAMPLE 2635,4,"LGG, PA/GG ST"
SAMPLE 2636,4,CHGL
SAMPLE 2637,4,PITUI
SAMPLE 2638,4,PITUI
SAMPLE 2639,4,PITUI
SAMPLE 2640,4,PITUI
SAMPLE 2641,8,"A IDH, HG"
SAMPLE 2642,3,"GBM, RTK I"
SAMPLE 2643,3,"GBM, RTK II"
SAMPLE 2644,3,"GBM, MES"
SAMPLE 2645,4,DLGNT
SAMPLE 2646,12,O IDH
SAMPLE 2647,3,"GBM, RTK II"
SAMPLE 2648,11,"HGNET, MN1"
SAMPLE 2649,11,"GBM, MYCN"
SAMPLE 2650,12,A IDH
SAMPLE 2651,4,"LGG, PA MID"
SAMPLE 2652,8,"A IDH, HG"
SAMPLE 2653,8,"A IDH, HG"
SAMPLE 2654,8,"A IDH, HG"
SAMPLE 2655,12,A IDH
SAMPLE 2656,4,"CONTR, REACT"
SAMPLE 2657,4,CHGL
SAMPLE 2658,12,A IDH
SAMPLE 2659,12,O IDH
SAMPLE 2660,4,"LGG, PA PF"
SAMPLE 2661,12,"A IDH, HG"
SAMPLE 2662,8,"A IDH, HG"
SAMPLE 2663,12,A IDH
SAMPLE 2664,2,"ATRT, TYR"
SAMPLE 2665,2,"ATRT, SHH"
SAMPLE 2666,2,"ATRT, TYR"
SAMPLE 2667,10,"CNS NB, FOXR2"
SAMPLE 2668,10,"CNS NB, FOXR2"
SAMPLE 2669,10,"CNS NB, FOXR2"
SAMPLE 2670,4,PITUI
SAMPLE 2671,4,PITUI
SAMPLE 2672,4,"LGG, DNT"
SAMPLE 2673,4,"LGG, DNT"
SAMPLE 2674,4,"LGG, GG"
SAMPLE 2675,4,"LGG, MYB"
SAMPLE 2676,4,"LGG, GG"
SAMPLE 2677,4,"LGG, DNT"
SAMPLE 2678,6,"PTPR, A"
SAMPLE 2679,10,"CNS NB, FOXR2"
SAMPLE 2680,11,"HGNET, BCOR"
SAMPLE 2681,11,"HGNET, MN1"
SAMPLE 2682,6,"EFT, CIC"
SAMPLE 2683,4,DLGNT
SAMPLE 2684,4,DLGNT
SAMPLE 2685,4,"LGG, GG"
SAMPLE 2686,4,"LGG, DNT"
SAMPLE 2687,4,"LGG, DNT"
SAMPLE 2688,11,"GBM, MYCN"
SAMPLE 2689,5,"PITAD, STH SPA"
SAMPLE 2690,4,PITUI
SAMPLE 2691,4,DLGNT
SAMPLE 2692,12,DLGNT
SAMPLE 2693,5,"PITAD, ACTH"
SAMPLE 2694,5,"PITAD, ACTH"
SAMPLE 2695,5,"PITAD, ACTH"
SAMPLE 2696,5,"PITAD, ACTH"
SAMPLE 2697,5,"PITAD, ACTH"
SAMPLE 2698,5,"PITAD, ACTH"
SAMPLE 2699,5,"PITAD, ACTH"
SAMPLE 2700,5,"PITAD, ACTH"
SAMPLE 2701,5,"PITAD, ACTH"
SAMPLE 2702,4,PITUI
SAMPLE 2703,3,"GBM, RTK II"
SAMPLE 2704,3,"GBM, RTK II"
SAMPLE 2705,3,"GBM, MES"
SAMPLE 2706,4,PITUI
SAMPLE 2707,4,PITUI
SAMPLE 2708,4,PITUI
SAMPLE 2709,4,PITUI
SAMPLE 2710,5,"PITAD, ACTH"
SAMPLE 2711,5,"PITAD, ACTH"
SAMPLE 2712,5,"PITAD, ACTH"
SAMPLE 2713,5,"PITAD, STH DNS B"
SAMPLE 2714,5,"PITAD, STH DNS B"
SAMPLE 2715,5,"PITAD, STH DNS A"
SAMPLE 2716,5,"PITAD, STH DNS B"
SAMPLE 2717,5,"PITAD, STH DNS A"
SAMPLE 2718,4,ANA PA
SAMPLE 2719,3,ANA PA
SAMPLE 2720,4,ANA PA
SAMPLE 2721,4,PITUI
SAMPLE 2722,13,"MB, G3"
SAMPLE 2723,4,CHGL
SAMPLE 2724,7,"GBM, G34"
SAMPLE 2725,7,"GBM, G34"
SAMPLE 2726,7,"GBM, G34"
SAMPLE 2727,7,"GBM, G34"
SAMPLE 2728,7,"GBM, G34"
SAMPLE 2729,5,"PITAD, FSH LH"
SAMPLE 2730,5,"PITAD, FSH LH"
SAMPLE 2731,5,"PITAD, FSH LH"
SAMPLE 2732,5,"PITAD, FSH LH"
SAMPLE 2733,5,"PITAD, FSH LH"
SAMPLE 2734,10,"CNS NB, FOXR2"
SAMPLE 2735,14,"DMG, K27"
SAMPLE 2736,1,LIPN
SAMPLE 2737,5,"PIN T,  PB B"
SAMPLE 2738,5,"PIN T,  PB B"
SAMPLE 2739,5,"PIN T,  PB B"
SAMPLE 2740,5,"PIN T,  PB B"
SAMPLE 2741,5,"PIN T,  PB A"
SAMPLE 2742,5,"PIN T,  PB B"
SAMPLE 2743,5,"PIN T, PPT"
SAMPLE 2744,5,"PIN T,  PB B"
SAMPLE 2745,5,"PIN T,  PB B"
SAMPLE 2746,4,"LGG, DIG/DIA"
SAMPLE 2747,1,"CONTR, CEBM"
SAMPLE 2748,4,"CONTR, HEMI"
SAMPLE 2749,4,DLGNT
SAMPLE 2750,4,"CONTR, HYPTHAL"
SAMPLE 2751,4,"CONTR, HYPTHAL"
SAMPLE 2752,4,"CONTR, HYPTHAL"
SAMPLE 2753,4,"CONTR, HYPTHAL"
SAMPLE 2754,4,"CONTR, HYPTHAL"
SAMPLE 2755,4,"CONTR, HYPTHAL"
SAMPLE 2756,4,"CONTR, HYPTHAL"
SAMPLE 2757,4,"CONTR, HYPTHAL"
SAMPLE 2758,4,"CONTR, HYPTHAL"
SAMPLE 2759,4,CHGL
SAMPLE 2760,1,LIPN
SAMPLE 2761,5,"PITAD, TSH"
SAMPLE 2762,5,"PITAD, TSH"
SAMPLE 2763,5,"PITAD, TSH"
SAMPLE 2764,5,"PITAD, TSH"
SAMPLE 2765,5,"PITAD, TSH"
SAMPLE 2766,5,"PITAD, TSH"
SAMPLE 2767,5,"PITAD, TSH"
SAMPLE 2768,5,"PITAD, TSH"
SAMPLE 2769,5,"PITAD, TSH"
SAMPLE 2770,5,"PITAD, TSH"
SAMPLE 2771,2,LYMPHO
SAMPLE 2772,4,"LGG, DIG/DIA"
SAMPLE 2773,4,IHG
SAMPLE 2774,4,IHG
SAMPLE 2775,4,"LGG, DIG/DIA"
SAMPLE 2776,2,MELAN
SAMPLE 2777,4,"HGNET, MN1"
SAMPLE 2778,11,"HGNET, MN1"
SAMPLE 2779,11,"HGNET, MN1"
SAMPLE 2780,11,"HGNET, BCOR"
SAMPLE 2781,4,"LGG, RGNT"
SAMPLE 2782,4,"CONTR, WM"
SAMPLE 2783,4,CHGL
SAMPLE 2784,9,ETMR
SAMPLE 2785,1,LIPN
SAMPLE 2786,7,"GBM, MYCN"
SAMPLE 2787,5,"PIN T,  PB B"
SAMPLE 2788,5,"ENB, A"
SAMPLE 2789,5,"ENB, A"
SAMPLE 2790,5,"ENB, A"
SAMPLE 2791,5,"ENB, A"
SAMPLE 2792,5,"ENB, A"
SAMPLE 2793,5,"ENB, A"
SAMPLE 2794,5,"ENB, A"
SAMPLE 2795,8,"A IDH, HG"
SAMPLE 2796,4,"LGG, DIG/DIA"
SAMPLE 2797,5,"PIN T,  PB A"
SAMPLE 2798,4,ANA PA
SAMPLE 2799,14,ANA PA
SAMPLE 2800,4,ANA PA
SAMPLE 2801,4,ANA PA
